num__Number_of_Riders,num__Number_of_Drivers,num__Number_of_Past_Rides,num__Average_Ratings,num__Expected_Ride_Duration,num__Rider_Driver_Ratio,cat__Location_Category_Rural,cat__Location_Category_Suburban,cat__Location_Category_Urban,cat__Customer_Loyalty_Status_Gold,cat__Customer_Loyalty_Status_Regular,cat__Customer_Loyalty_Status_Silver,cat__Time_of_Booking_Afternoon,cat__Time_of_Booking_Evening,cat__Time_of_Booking_Morning,cat__Time_of_Booking_Night,cat__Vehicle_Type_Economy,cat__Vehicle_Type_Premium
-0.16103592850929568,0.5684513876245393,0.09844010659826155,-0.34999972305066307,0.6591845701138569,-0.6763655866087321,0.0,1.0,0.0,0.0,0.0,1.0,0.0,0.0,0.0,1.0,0.0,1.0
-1.7003106517312394,-1.0078436213863147,0.2021067392598796,1.2317885077340849,-0.30447561014590263,-0.2480117288509972,0.0,0.0,1.0,0.0,1.0,0.0,0.0,0.0,0.0,1.0,0.0,1.0
0.0955098586943616,1.093883057294824,1.2733286100965995,-0.37326131467985,-0.5915233234147672,-0.7477578962350213,1.0,0.0,0.0,0.0,1.0,0.0,0.0,0.0,1.0,0.0,1.0,0.0
-1.1017038149227056,-0.2196961168808877,0.23666228348041896,-1.094370655184661,1.3357970371047518,-0.6680882173766985,0.0,1.0,0.0,1.0,0.0,0.0,1.0,0.0,0.0,0.0,1.0,0.0
0.9506624827065525,1.9345737287672793,0.9277731678912059,-0.5593540477133497,0.2081095921199269,-0.7537072553705454,0.0,1.0,0.0,1.0,0.0,0.0,0.0,1.0,0.0,0.0,1.0,0.0
1.2072082699102098,2.565091732371621,-0.558115233591986,1.2783116909924588,1.6023413422829833,-0.8016152526197657,0.0,0.0,1.0,1.0,0.0,0.0,0.0,0.0,0.0,1.0,0.0,1.0
-0.7596427653178293,-0.0620666159798023,0.2712178277009583,1.5341891989135215,1.5613345261017169,-0.617787281274341,1.0,0.0,0.0,0.0,1.0,0.0,1.0,0.0,0.0,0.0,1.0,0.0
1.5920269507156957,0.988796723360767,0.1329956508188009,1.068957366329772,1.5203277099204506,-0.4363218788797598,0.0,1.0,0.0,1.0,0.0,0.0,0.0,1.0,0.0,0.0,1.0,0.0
-1.7003106517312394,-1.060386788353343,0.23666228348041896,0.13849370116227327,-0.48900628296160126,-0.1052271095984189,1.0,0.0,0.0,0.0,1.0,0.0,0.0,0.0,1.0,0.0,0.0,1.0
0.009994596293142505,0.5684513876245393,1.6879951407430716,0.2082784760498362,-0.42749605868970175,-0.6362856934852014,1.0,0.0,0.0,0.0,0.0,1.0,0.0,1.0,0.0,0.0,0.0,1.0
-0.07552066610807659,-0.2196961168808877,-0.35078196826874997,1.6737587486886452,-0.16095175351147037,-0.27077449423908945,0.0,0.0,1.0,1.0,0.0,0.0,0.0,1.0,0.0,0.0,0.0,1.0
1.378238794712648,0.7786240554926531,0.8241065352295879,0.9526494081838353,1.2537834047422192,-0.40439488327048767,1.0,0.0,0.0,0.0,0.0,1.0,0.0,0.0,1.0,0.0,1.0,0.0
0.523086170700457,-0.009523449012773834,0.1329956508188009,0.0454473346455234,-1.0015914852274308,-0.21804458653872769,0.0,0.0,1.0,0.0,1.0,0.0,0.0,0.0,1.0,0.0,0.0,1.0
-1.0161885525214867,-1.1654731222874,0.8241065352295879,-0.8617547388927863,-1.4936732794026273,1.5701124229651668,0.0,0.0,1.0,0.0,0.0,1.0,0.0,1.0,0.0,0.0,0.0,1.0
-1.358249602126363,-1.060386788353343,0.5822177256858124,-0.6291388226009117,0.3106266325730928,0.32992601574277225,0.0,1.0,0.0,0.0,1.0,0.0,0.0,0.0,1.0,0.0,1.0,0.0
-0.24655119091051478,-0.7451277865511723,-0.2125597913865926,-1.2572017965889728,-1.2066255661337626,0.3633993330767099,0.0,1.0,0.0,0.0,0.0,1.0,0.0,0.0,1.0,0.0,0.0,1.0
1.463754057113867,2.565091732371621,0.7895509910090485,0.32458643419577304,0.39264026493562554,-0.7715553327771176,0.0,0.0,1.0,0.0,1.0,0.0,0.0,0.0,0.0,1.0,1.0,0.0
-1.4010072333269725,-0.6400414526171154,1.342439698537678,-0.0010758486128505111,1.6023413422829833,-0.5367539588951,1.0,0.0,0.0,1.0,0.0,0.0,0.0,0.0,0.0,1.0,0.0,1.0
0.993420113907162,0.5159082206575109,-1.6638926486492451,-0.9780626970387232,-0.6120267315054003,-0.38307826057640915,0.0,0.0,1.0,1.0,0.0,0.0,0.0,1.0,0.0,0.0,0.0,1.0
-0.4603393469135625,0.6735377215585961,0.340328916142037,1.045695774700585,-0.5300130991428676,-0.7715553327771176,1.0,0.0,0.0,0.0,0.0,1.0,0.0,1.0,0.0,0.0,0.0,1.0
-1.5720377581294107,-1.1129299553203715,0.4785510930241944,0.09197051790389936,0.14659936784802738,0.2755318750751233,0.0,0.0,1.0,0.0,1.0,0.0,1.0,0.0,0.0,0.0,0.0,1.0
1.2927235323114288,2.8278075672067633,-1.249226118002773,0.9991725914422092,-1.6166937279464262,-0.8197377968870412,1.0,0.0,0.0,1.0,0.0,0.0,0.0,1.0,0.0,0.0,0.0,1.0
1.2072082699102098,1.4091420590969947,-0.10889315872497453,0.3013248425665861,-1.5346800955838935,-0.6199568481385778,0.0,1.0,0.0,1.0,0.0,0.0,1.0,0.0,0.0,0.0,1.0,0.0
0.26654038349679976,-1.1129299553203715,-1.249226118002773,-1.6759104459143472,0.4951573053887915,3.004304598568842,1.0,0.0,0.0,1.0,0.0,0.0,0.0,0.0,0.0,1.0,1.0,0.0
0.4803285394998475,-0.009523449012773834,0.8586620794501272,-0.6524004142300986,-0.5915233234147672,-0.23214677115626633,0.0,0.0,1.0,1.0,0.0,0.0,0.0,0.0,1.0,0.0,0.0,1.0
-0.8024003965184389,0.20064921885534,-1.7675592813108632,-0.6058772309717236,-0.4685028748709681,-0.7316370521258593,1.0,0.0,0.0,0.0,0.0,1.0,1.0,0.0,0.0,0.0,0.0,1.0
1.1216930075089906,0.25319238582236847,-0.454448600930368,1.185265324475709,0.3106266325730928,-0.21231557403785262,0.0,1.0,0.0,0.0,0.0,1.0,1.0,0.0,0.0,0.0,1.0,0.0
0.5658438019010666,1.4091420590969947,-1.2146705737822336,0.23154006767902316,0.9872390995639878,-0.7257232327701172,0.0,0.0,1.0,0.0,1.0,0.0,1.0,0.0,0.0,0.0,0.0,1.0
0.5658438019010666,0.14810605188831155,1.5843285080814535,-0.8152315556344114,1.6433481584642498,-0.30829856809097467,0.0,0.0,1.0,0.0,1.0,0.0,0.0,1.0,0.0,0.0,1.0,0.0
0.009994596293142505,0.9362535563937385,-0.3162264240482106,-0.0010758486128505111,0.06458573548549464,-0.7313641066171326,1.0,0.0,0.0,1.0,0.0,0.0,1.0,0.0,0.0,0.0,1.0,0.0
0.7796319579041143,-1.060386788353343,-0.6963374104741434,1.3248348742508347,0.023578919304228275,3.0496330491252164,1.0,0.0,0.0,0.0,0.0,1.0,0.0,0.0,0.0,1.0,1.0,0.0
-1.1872190773239248,-0.6925846195841439,1.23877306587606,1.3015732826216457,-1.6782039522183259,-0.3500007426028388,0.0,1.0,0.0,0.0,1.0,0.0,0.0,1.0,0.0,0.0,0.0,1.0
0.43757090829923795,0.14810605188831155,-0.2125597913865926,-0.21043017327553723,-0.9400812609555312,-0.34637446655832893,1.0,0.0,0.0,0.0,1.0,0.0,0.0,1.0,0.0,0.0,0.0,1.0
1.5065116883144767,1.6193147269651085,-0.9036706757973796,-1.4898177128808474,-0.28397220205526946,-0.6172822958835273,0.0,0.0,1.0,0.0,0.0,1.0,0.0,0.0,1.0,0.0,1.0,0.0
-1.1017038149227056,-0.16715294991385923,0.7549954467885092,-1.140893838443036,0.12609595975739418,-0.6922305443034631,0.0,1.0,0.0,1.0,0.0,0.0,0.0,1.0,0.0,0.0,0.0,1.0
0.6086014331016761,1.5142283930310516,1.4806618754198355,1.2550500993632718,1.1102595481077868,-0.7375589948598371,0.0,1.0,0.0,1.0,0.0,0.0,0.0,1.0,0.0,0.0,0.0,1.0
1.2927235323114288,1.9345737287672793,-0.8691151315768402,0.7200334918919595,-0.05843471305830445,-0.7061123822863526,0.0,1.0,0.0,0.0,1.0,0.0,0.0,0.0,1.0,0.0,0.0,1.0
0.009994596293142505,0.46336505369048236,0.7204399025679699,0.9061262249254592,0.2081095921199269,-0.6023291173666545,0.0,0.0,1.0,0.0,0.0,1.0,0.0,0.0,0.0,1.0,0.0,1.0
0.1810251210955807,-0.9027572874522577,0.8932176236706666,0.2548016593082122,1.458817485648551,1.2274293367589786,0.0,0.0,1.0,0.0,1.0,0.0,1.0,0.0,0.0,0.0,1.0,0.0
-0.41758171571295294,-0.009523449012773834,1.2042175216555207,-1.0013242886679112,1.0897561400171538,-0.5282926481245769,0.0,0.0,1.0,1.0,0.0,0.0,0.0,1.0,0.0,0.0,0.0,1.0
1.2072082699102098,0.04301971795425463,0.5476621814652731,0.13849370116227327,0.7206947943857565,-0.03723443376385787,1.0,0.0,0.0,0.0,1.0,0.0,1.0,0.0,0.0,0.0,0.0,1.0
-0.6741275029166103,-0.3773256177819731,0.9968842563322846,1.115480549588148,-0.7350471800491994,-0.3907963481035755,0.0,0.0,1.0,0.0,1.0,0.0,0.0,0.0,1.0,0.0,1.0,0.0
1.6775422131169149,1.1989693912288808,1.1005508889939026,1.5341891989135215,1.5203277099204506,-0.48598609427196104,0.0,0.0,1.0,0.0,0.0,1.0,0.0,0.0,1.0,0.0,0.0,1.0
-0.33206645331173384,-0.9027572874522577,-1.4220038391054697,-1.5596024877684094,1.4178106694672847,0.770518555150728,1.0,0.0,0.0,0.0,0.0,1.0,0.0,1.0,0.0,0.0,1.0,0.0
-1.0161885525214867,-0.6925846195841439,-1.145559485341155,0.2548016593082122,-0.28397220205526946,-0.24121246126754112,1.0,0.0,0.0,1.0,0.0,0.0,0.0,1.0,0.0,0.0,1.0,0.0
-0.887915658919658,-0.6400414526171154,1.342439698537678,-1.4665561212516596,-1.1656187499524964,-0.23214677115626633,0.0,0.0,1.0,0.0,1.0,0.0,0.0,0.0,0.0,1.0,0.0,1.0
-0.973430921320877,-0.7451277865511723,-0.454448600930368,0.4874175756000858,-1.4526664632213608,-0.1345162622656145,0.0,0.0,1.0,1.0,0.0,0.0,0.0,1.0,0.0,0.0,0.0,1.0
-0.6741275029166103,-0.7451277865511723,1.5497729638609141,1.3713580575092086,0.2696198163918265,0.07050780640475446,1.0,0.0,0.0,0.0,1.0,0.0,0.0,0.0,0.0,1.0,1.0,0.0
-1.443764864527582,-1.1129299553203715,-1.6984481928697845,0.39437120908333595,-0.2634687939646363,0.4659113674118943,0.0,0.0,1.0,1.0,0.0,0.0,0.0,0.0,0.0,1.0,1.0,0.0
0.3948132770986284,1.7244010608991656,0.2021067392598796,-0.4663076811965999,-1.1451153418618631,-0.8032852481665795,0.0,0.0,1.0,0.0,1.0,0.0,1.0,0.0,0.0,0.0,0.0,1.0
0.8651472203053334,-0.2196961168808877,-0.4198930567098287,0.11523210953308632,0.9052254672014551,0.09342975197038574,0.0,0.0,1.0,1.0,0.0,0.0,0.0,1.0,0.0,0.0,1.0,0.0
1.463754057113867,-0.16715294991385923,0.9623287121117453,-1.7456952208019092,0.6386811620232238,0.2596669173803924,0.0,1.0,0.0,1.0,0.0,0.0,1.0,0.0,0.0,0.0,1.0,0.0
-0.8024003965184389,-0.11460978294683076,-0.24711533560713192,1.7202819319470213,0.47465389729815827,-0.6078289693674945,0.0,1.0,0.0,0.0,0.0,1.0,0.0,0.0,1.0,0.0,0.0,1.0
-0.5030969781141721,0.09556288492128309,-0.558115233591986,1.2783116909924588,1.2537834047422192,-0.6041526757223706,0.0,1.0,0.0,0.0,1.0,0.0,0.0,1.0,0.0,0.0,0.0,1.0
-0.5030969781141721,-0.48241195171603,0.37488446036257633,1.5574507905427084,-0.7555505881398327,-0.21099349422995833,1.0,0.0,0.0,0.0,0.0,1.0,1.0,0.0,0.0,0.0,1.0,0.0
-0.24655119091051478,-0.42986878474900153,0.7895509910090485,-1.7224336291727222,1.5203277099204506,-0.1453070027219496,0.0,1.0,0.0,0.0,0.0,1.0,0.0,0.0,1.0,0.0,1.0,0.0
1.378238794712648,-1.1129299553203715,1.1696619774349812,0.5106791672292728,0.16710277593866055,4.654260198820858,1.0,0.0,0.0,0.0,0.0,1.0,0.0,0.0,0.0,1.0,1.0,0.0
0.009994596293142505,0.6209945545915677,1.0659953447733632,0.5572023504876488,-1.0836051175899635,-0.6519579593860692,0.0,1.0,0.0,0.0,1.0,0.0,0.0,0.0,1.0,0.0,0.0,1.0
1.2927235323114288,1.671857893932137,0.5822177256858124,1.208526916104896,-1.7192107683995923,-0.6602317313259549,0.0,0.0,1.0,0.0,0.0,1.0,0.0,0.0,0.0,1.0,1.0,0.0
-0.07552066610807659,0.4108218867234539,1.1005508889939026,-1.7224336291727222,0.5976743458419573,-0.6056532037407886,0.0,0.0,1.0,0.0,0.0,1.0,0.0,0.0,0.0,1.0,1.0,0.0
1.1216930075089906,0.8837103894267101,0.340328916142037,-0.8850163305219733,-1.698707360308959,-0.4946397075599961,1.0,0.0,0.0,0.0,0.0,1.0,0.0,1.0,0.0,0.0,0.0,1.0
-0.8024003965184389,-0.7976709535182008,1.4115507869787567,0.5804639421168357,0.4951573053887915,0.08515238273835218,1.0,0.0,0.0,1.0,0.0,0.0,1.0,0.0,0.0,0.0,1.0,0.0
-0.5030969781141721,0.14810605188831155,0.2021067392598796,1.3480964658800216,1.13076295619842,-0.6255977219855932,1.0,0.0,0.0,0.0,0.0,1.0,0.0,1.0,0.0,0.0,1.0,0.0
0.9079048515059429,2.092203229668365,-1.3183372064438517,0.4176328007125229,-1.350149422768195,-0.7815005301379938,0.0,0.0,1.0,0.0,1.0,0.0,1.0,0.0,0.0,0.0,1.0,0.0
1.0361777451077716,0.3582787197564254,0.5131066372447337,0.7898182667795224,1.3152936290141188,-0.29560660193518995,1.0,0.0,0.0,0.0,1.0,0.0,0.0,0.0,1.0,0.0,0.0,1.0
-1.0161885525214867,-0.9027572874522577,-0.8345595873563009,0.02218574301633644,0.9052254672014551,0.16130417967306068,0.0,1.0,0.0,1.0,0.0,0.0,1.0,0.0,0.0,0.0,1.0,0.0
0.7368743267035048,0.20064921885534,-1.5602260159876271,-1.094370655184661,-0.7145437719585663,-0.2894653279888425,0.0,0.0,1.0,1.0,0.0,0.0,0.0,1.0,0.0,0.0,0.0,1.0
-1.7003106517312394,-0.8502141204852293,-1.145559485341155,-0.11738380675878735,-1.022094893318064,-0.5206005474241012,1.0,0.0,0.0,1.0,0.0,0.0,0.0,0.0,1.0,0.0,0.0,1.0
0.13826748989497115,0.9362535563937385,-1.0073373084589976,-0.6756620058592866,0.39264026493562554,-0.7059801743055631,1.0,0.0,0.0,1.0,0.0,0.0,0.0,0.0,0.0,1.0,0.0,1.0
0.13826748989497115,-1.060386788353343,-0.10889315872497453,0.9759109998130222,-0.7145437719585663,2.2337209391104826,1.0,0.0,0.0,0.0,0.0,1.0,0.0,1.0,0.0,0.0,1.0,0.0
-0.03276303490746704,-1.1129299553203715,0.4785510930241944,1.185265324475709,1.4178106694672847,2.560085783116376,1.0,0.0,0.0,0.0,0.0,1.0,0.0,0.0,1.0,0.0,1.0,0.0
1.378238794712648,-0.2196961168808877,-0.5926707778125254,-0.04759903187122442,0.5361641215700579,0.29208661353919035,0.0,1.0,0.0,0.0,0.0,1.0,0.0,1.0,0.0,0.0,0.0,1.0
0.009994596293142505,0.4108218867234539,-1.629337104428706,1.208526916104896,0.33113004066372603,-0.5838955474737291,1.0,0.0,0.0,0.0,0.0,1.0,0.0,0.0,1.0,0.0,0.0,1.0
1.5492693195150862,-1.060386788353343,-1.0073373084589976,-1.18741702170141,0.9872390995639878,4.028727581142896,0.0,0.0,1.0,0.0,0.0,1.0,1.0,0.0,0.0,0.0,0.0,1.0
0.6513590643022857,-0.2196961168808877,0.44399554880365505,-1.5828640793975974,0.33113004066372603,0.01065605965005046,1.0,0.0,0.0,0.0,1.0,0.0,0.0,0.0,0.0,1.0,0.0,1.0
-0.8024003965184389,-1.1129299553203715,-1.041892852679537,-0.9315395137803483,0.5976743458419573,1.4178088290957498,1.0,0.0,0.0,0.0,0.0,1.0,0.0,0.0,0.0,1.0,0.0,1.0
1.078935376308381,1.1464262242618524,1.6534395965225321,-1.7224336291727222,0.6386811620232238,-0.5792331925593591,0.0,0.0,1.0,0.0,1.0,0.0,0.0,0.0,0.0,1.0,1.0,0.0
1.2072082699102098,2.460005398437564,-0.35078196826874997,1.4876660156551456,0.33113004066372603,-0.7895642036738393,1.0,0.0,0.0,0.0,0.0,1.0,0.0,0.0,1.0,0.0,0.0,1.0
-0.3748240845123434,-0.6925846195841439,1.23877306587606,-1.6526488542851592,-0.01742789687703809,0.16674359373982553,0.0,1.0,0.0,0.0,0.0,1.0,1.0,0.0,0.0,0.0,0.0,1.0
0.6513590643022857,1.7244010608991656,1.031439800552824,-1.5130793045100344,-0.5505165072335009,-0.7652093496992253,0.0,1.0,0.0,0.0,1.0,0.0,0.0,1.0,0.0,0.0,0.0,1.0
-0.11827829730868614,-0.3247824508149446,0.7204399025679699,-0.2569533565339132,-1.8217278088527582,-0.19588401071116704,0.0,1.0,0.0,1.0,0.0,0.0,1.0,0.0,0.0,0.0,1.0,0.0
-1.2299767085245343,-0.6925846195841439,0.9968842563322846,-1.6061256710267844,-0.38648924250843536,-0.3771978129366633,0.0,1.0,0.0,0.0,0.0,1.0,1.0,0.0,0.0,0.0,0.0,1.0
0.523086170700457,1.8820305618002509,-0.9036706757973796,-0.1406453983879743,0.6181777539325906,-0.8063071448703378,0.0,1.0,0.0,0.0,0.0,1.0,1.0,0.0,0.0,0.0,1.0,0.0
0.6941166955028952,-0.6400414526171154,-0.14344870294551387,0.5106791672292728,-0.6735369557772999,0.7070587243718045,0.0,1.0,0.0,0.0,1.0,0.0,0.0,0.0,1.0,0.0,1.0,0.0
0.993420113907162,1.671857893932137,0.5476621814652731,0.0454473346455234,1.3357970371047518,-0.7054065261177311,0.0,1.0,0.0,0.0,0.0,1.0,0.0,0.0,1.0,0.0,0.0,1.0
-1.4010072333269725,-0.6925846195841439,0.8932176236706666,-1.5596024877684094,-0.01742789687703809,-0.48598609427196104,1.0,0.0,0.0,0.0,0.0,1.0,1.0,0.0,0.0,0.0,1.0,0.0
-1.4010072333269725,-1.0078436213863147,0.5476621814652731,-1.094370655184661,-0.8375642205023653,0.08515238273835218,0.0,0.0,1.0,0.0,1.0,0.0,1.0,0.0,0.0,0.0,0.0,1.0
0.5658438019010666,-0.009523449012773834,-0.005226526063356488,-1.164155430072223,0.24911640830119328,-0.203942401921189,0.0,1.0,0.0,0.0,0.0,1.0,0.0,0.0,1.0,0.0,0.0,1.0
-0.33206645331173384,0.6735377215585961,0.9623287121117453,-1.3735097547349095,-1.4116596470400944,-0.742998408926602,1.0,0.0,0.0,1.0,0.0,0.0,0.0,1.0,0.0,0.0,0.0,1.0
-0.7168851341172198,-0.48241195171603,1.2733286100965995,-1.3502481631057226,-1.0015914852274308,-0.3167598788614978,0.0,1.0,0.0,1.0,0.0,0.0,0.0,0.0,0.0,1.0,0.0,1.0
1.4209964259132575,2.8803507341737915,-0.10889315872497453,1.5574507905427084,-1.6166937279464262,-0.8110242519201069,0.0,1.0,0.0,1.0,0.0,0.0,0.0,0.0,1.0,0.0,0.0,1.0
0.35205564589801885,-1.060386788353343,-0.005226526063356488,0.7200334918919595,0.08508914357612782,2.5056916424487277,0.0,0.0,1.0,0.0,1.0,0.0,1.0,0.0,0.0,0.0,0.0,1.0
-0.16103592850929568,0.5159082206575109,0.2712178277009583,-0.7687083723760365,1.233279996651586,-0.6609294115543993,0.0,0.0,1.0,1.0,0.0,0.0,0.0,1.0,0.0,0.0,1.0,0.0
0.3948132770986284,0.6735377215585961,-1.456559383326009,-1.117632246813848,0.6386811620232238,-0.5811758404403465,0.0,1.0,0.0,0.0,1.0,0.0,0.0,1.0,0.0,0.0,1.0,0.0
-1.443764864527582,-0.8502141204852293,1.2733286100965995,0.5804639421168357,0.9257288752920882,-0.31291382851126004,0.0,1.0,0.0,1.0,0.0,0.0,0.0,1.0,0.0,0.0,0.0,1.0
0.009994596293142505,-0.6400414526171154,-0.7654484989152222,0.5572023504876488,-1.3706528308588282,0.30091580738669266,0.0,0.0,1.0,1.0,0.0,0.0,1.0,0.0,0.0,0.0,1.0,0.0
1.3354811635120385,0.20064921885534,0.09844010659826155,-0.7919699640052235,1.007742507654621,-0.11750965749111379,1.0,0.0,0.0,0.0,0.0,1.0,0.0,0.0,0.0,1.0,0.0,1.0
-0.7168851341172198,0.25319238582236847,-0.005226526063356488,-0.11738380675878735,1.4178106694672847,-0.7239604596929249,0.0,1.0,0.0,0.0,0.0,1.0,1.0,0.0,0.0,0.0,0.0,1.0
0.05275222749375205,0.6209945545915677,1.1005508889939026,-1.5363408961392224,-1.0631017094993305,-0.642194908497004,1.0,0.0,0.0,1.0,0.0,0.0,1.0,0.0,0.0,0.0,0.0,1.0
1.5065116883144767,0.09556288492128309,1.135106433214442,-1.3967713463640976,1.58183793419235,0.012939471851990717,0.0,0.0,1.0,0.0,1.0,0.0,0.0,0.0,0.0,1.0,1.0,0.0
0.4803285394998475,1.1464262242618524,-1.249226118002773,0.2082784760498362,-1.6371971360370594,-0.6880214738946568,0.0,1.0,0.0,1.0,0.0,0.0,0.0,0.0,0.0,1.0,0.0,1.0
0.6513590643022857,0.7786240554926531,1.515217419640375,-0.7454467807468484,1.6638515665548828,-0.5585116151621595,1.0,0.0,0.0,1.0,0.0,0.0,0.0,0.0,1.0,0.0,1.0,0.0
-0.11827829730868614,-0.42986878474900153,-0.14344870294551387,-0.6524004142300986,-0.4479994667803349,-0.08518716303665345,0.0,0.0,1.0,0.0,0.0,1.0,0.0,1.0,0.0,0.0,1.0,0.0
-0.4603393469135625,-0.6925846195841439,1.618884052301993,-1.6991720375435342,0.2081095921199269,0.11234945307217668,0.0,0.0,1.0,1.0,0.0,0.0,0.0,0.0,0.0,1.0,0.0,1.0
1.6775422131169149,0.988796723360767,0.7895509910090485,-1.18741702170141,1.4793208937391842,-0.4197671404156929,0.0,1.0,0.0,1.0,0.0,0.0,1.0,0.0,0.0,0.0,1.0,0.0
-0.8024003965184389,-0.9027572874522577,0.16755119503934024,-0.5593540477133497,-0.07893812114893764,0.35168367200983175,0.0,0.0,1.0,0.0,0.0,1.0,0.0,0.0,0.0,1.0,0.0,1.0
-1.0161885525214867,-0.9027572874522577,-0.6272263220330647,1.4178812407675847,-1.12461193377123,0.16130417967306068,0.0,0.0,1.0,0.0,0.0,1.0,1.0,0.0,0.0,0.0,1.0,0.0
-0.973430921320877,0.04301971795425463,-1.4911149275465485,1.3480964658800216,-1.4321630551307276,-0.7307597272763809,0.0,0.0,1.0,1.0,0.0,0.0,0.0,0.0,1.0,0.0,1.0,0.0
-0.03276303490746704,-1.0078436213863147,0.5822177256858124,1.3713580575092086,0.9257288752920882,1.608188321432521,0.0,0.0,1.0,0.0,1.0,0.0,0.0,0.0,1.0,0.0,0.0,1.0
-1.3154919709257533,-0.9027572874522577,1.2042175216555207,1.6272355654302713,1.0282459157452541,-0.1052271095984189,0.0,1.0,0.0,1.0,0.0,0.0,0.0,1.0,0.0,0.0,1.0,0.0
-1.5720377581294107,-1.060386788353343,-0.5926707778125254,-1.7224336291727222,0.24911640830119328,0.05795531240452766,1.0,0.0,0.0,0.0,0.0,1.0,1.0,0.0,0.0,0.0,0.0,1.0
-0.11827829730868614,-0.3773256177819731,-0.3162264240482106,-1.7224336291727222,0.5361641215700579,-0.14330300806577315,1.0,0.0,0.0,0.0,0.0,1.0,0.0,1.0,0.0,0.0,1.0,0.0
0.3092980146974093,0.09556288492128309,-0.005226526063356488,-0.6058772309717236,0.2286130002105601,-0.35468989266039486,1.0,0.0,0.0,1.0,0.0,0.0,0.0,1.0,0.0,0.0,1.0,0.0
0.8223895891047238,-1.1654731222874,0.0638845623777222,-1.3502481631057226,-1.0425983014086972,4.844639691157629,0.0,1.0,0.0,0.0,1.0,0.0,0.0,1.0,0.0,0.0,0.0,1.0
-1.6147953893300202,-0.9027572874522577,0.9968842563322846,-0.8617547388927863,-1.57568691176516,-0.3717583988698985,0.0,0.0,1.0,0.0,0.0,1.0,1.0,0.0,0.0,0.0,1.0,0.0
0.13826748989497115,-0.42986878474900153,-0.558115233591986,-0.5360924560841628,-1.2271289742243958,0.03505251633393867,0.0,1.0,0.0,0.0,1.0,0.0,1.0,0.0,0.0,0.0,1.0,0.0
-1.0589461837220961,-0.2196961168808877,-0.3162264240482106,0.9526494081838353,-1.7397141764902253,-0.6515334789126315,0.0,0.0,1.0,0.0,0.0,1.0,0.0,0.0,1.0,0.0,1.0,0.0
1.5492693195150862,2.039660062701336,1.342439698537678,-1.5130793045100344,1.0487493238358874,-0.6879037376594455,0.0,0.0,1.0,0.0,0.0,1.0,0.0,1.0,0.0,0.0,0.0,1.0
-0.5458546093147816,-0.16715294991385923,-0.558115233591986,-0.11738380675878735,-0.9810880771367977,-0.48598609427196104,0.0,0.0,1.0,0.0,0.0,1.0,0.0,0.0,0.0,1.0,0.0,1.0
-0.5030969781141721,-1.0078436213863147,-1.733003737090324,-0.4430460895674129,1.1922731804703197,1.0846447175064002,0.0,0.0,1.0,0.0,1.0,0.0,1.0,0.0,0.0,0.0,0.0,1.0
-0.20379355970990523,-0.6400414526171154,-0.5926707778125254,1.092218957958959,-0.42749605868970175,0.17399614582884537,0.0,0.0,1.0,1.0,0.0,0.0,0.0,0.0,0.0,1.0,0.0,1.0
0.4803285394998475,-0.42986878474900153,1.3078841543171387,1.1387421412173349,-1.1041085256805967,0.19537208882806167,1.0,0.0,0.0,1.0,0.0,0.0,0.0,0.0,1.0,0.0,0.0,1.0
-1.5292801269288012,-1.060386788353343,-1.3183372064438517,-0.4197844979382239,-0.796557404321099,0.11234945307217668,1.0,0.0,0.0,0.0,0.0,1.0,1.0,0.0,0.0,0.0,0.0,1.0
0.009994596293142505,1.0413398903277955,1.6879951407430716,0.7665566751503354,1.1922731804703197,-0.7533275090427459,0.0,1.0,0.0,0.0,0.0,1.0,0.0,0.0,0.0,1.0,0.0,1.0
-1.4865224957281915,-0.8502141204852293,1.5843285080814535,-1.4200329379932846,0.8642186510201887,-0.3475282816634002,0.0,0.0,1.0,0.0,1.0,0.0,0.0,0.0,1.0,0.0,1.0,0.0
1.6347845819163052,0.20064921885534,-1.7675592813108632,-1.6526488542851592,-1.0015914852274308,-0.03153182224224951,0.0,0.0,1.0,0.0,0.0,1.0,0.0,0.0,1.0,0.0,1.0,0.0
0.26654038349679976,-0.48241195171603,0.9277731678912059,-1.0245858802970982,-1.57568691176516,0.1697654904435838,0.0,0.0,1.0,0.0,0.0,1.0,0.0,0.0,1.0,0.0,0.0,1.0
-0.5030969781141721,-1.1129299553203715,-0.9727817642384582,0.9293878165546483,-0.6120267315054003,1.8620276445482156,1.0,0.0,0.0,0.0,0.0,1.0,0.0,0.0,0.0,1.0,0.0,1.0
-1.4010072333269725,-0.9553004544192862,0.5822177256858124,1.3248348742508347,-1.1451153418618631,-0.06292055574580309,0.0,0.0,1.0,0.0,0.0,1.0,0.0,1.0,0.0,0.0,0.0,1.0
1.0361777451077716,0.46336505369048236,0.44399554880365505,0.16175529279146228,1.0897561400171538,-0.3484897942509597,1.0,0.0,0.0,0.0,0.0,1.0,0.0,1.0,0.0,0.0,1.0,0.0
-1.5292801269288012,-0.6400414526171154,-1.249226118002773,-0.1639069900171633,1.58183793419235,-0.6129057558298084,0.0,0.0,1.0,1.0,0.0,0.0,0.0,0.0,1.0,0.0,0.0,1.0
0.3092980146974093,0.14810605188831155,-0.8000040431357615,1.022434183071398,0.7206947943857565,-0.38445036502568314,0.0,0.0,1.0,0.0,1.0,0.0,0.0,0.0,0.0,1.0,0.0,1.0
0.523086170700457,-0.6925846195841439,-0.8000040431357615,0.13849370116227327,-1.4321630551307276,0.7378820707501388,0.0,0.0,1.0,1.0,0.0,0.0,0.0,1.0,0.0,0.0,1.0,0.0
-0.16103592850929568,0.6735377215585961,0.9277731678912059,-1.4665561212516596,1.4793208937391842,-0.7049225104592478,0.0,0.0,1.0,0.0,1.0,0.0,1.0,0.0,0.0,0.0,1.0,0.0
1.2499659011108193,0.9362535563937385,-1.3183372064438517,0.5106791672292728,-0.18145516160210354,-0.48598609427196104,0.0,0.0,1.0,0.0,0.0,1.0,0.0,0.0,0.0,1.0,0.0,1.0
0.6086014331016761,0.04301971795425463,-0.07433761450443518,0.4874175756000858,1.3152936290141188,-0.22761392610062894,0.0,0.0,1.0,1.0,0.0,0.0,0.0,0.0,0.0,1.0,1.0,0.0
0.9506624827065525,-0.0620666159798023,0.8932176236706666,-1.4665561212516596,-0.5095096910522344,-0.032004227930429945,0.0,1.0,0.0,1.0,0.0,0.0,0.0,0.0,0.0,1.0,0.0,1.0
-0.8451580277190484,-1.060386788353343,-1.629337104428706,-0.23369176490472418,-0.3249790182365358,0.9826557037545586,0.0,0.0,1.0,1.0,0.0,0.0,0.0,0.0,0.0,1.0,1.0,0.0
0.009994596293142505,-1.1654731222874,-0.10889315872497453,-0.23369176490472418,-1.4321630551307276,3.397755549398169,1.0,0.0,0.0,0.0,1.0,0.0,0.0,0.0,1.0,0.0,1.0,0.0
0.22378275229619024,0.6735377215585961,1.446106331199296,1.4178812407675847,1.1102595481077868,-0.6192517389077008,1.0,0.0,0.0,0.0,1.0,0.0,0.0,1.0,0.0,0.0,1.0,0.0
-1.0161885525214867,-0.7976709535182008,-1.249226118002773,-1.2106786133305978,0.8847220591108219,-0.07349719420895699,1.0,0.0,0.0,0.0,0.0,1.0,0.0,1.0,0.0,0.0,1.0,0.0
-1.358249602126363,-0.587498285650087,0.8241065352295879,-0.32673813142147407,-0.38648924250843536,-0.5573784038982502,0.0,0.0,1.0,0.0,0.0,1.0,0.0,0.0,1.0,0.0,0.0,1.0
-0.33206645331173384,0.30573555278939696,-0.3853375124892893,-1.047847471926286,0.8232118348389224,-0.6359820579312353,1.0,0.0,0.0,0.0,1.0,0.0,0.0,0.0,1.0,0.0,0.0,1.0
1.5492693195150862,-0.3247824508149446,0.2712178277009583,-0.8850163305219733,1.5408311180110839,0.5112398179682682,0.0,1.0,0.0,0.0,1.0,0.0,0.0,1.0,0.0,0.0,0.0,1.0
-1.2727343397251438,-0.7976709535182008,-0.5926707778125254,1.045695774700585,0.12609595975739418,-0.26387668654572805,0.0,1.0,0.0,1.0,0.0,0.0,0.0,0.0,0.0,1.0,1.0,0.0
-0.887915658919658,0.14810605188831155,0.5476621814652731,-0.5128308644549738,0.9052254672014551,-0.7398254173876558,0.0,0.0,1.0,0.0,1.0,0.0,0.0,1.0,0.0,0.0,0.0,1.0
1.5920269507156957,2.3023758975364785,1.1005508889939026,0.6967719002627726,0.8232118348389224,-0.7219494087175364,0.0,1.0,0.0,0.0,1.0,0.0,0.0,0.0,1.0,0.0,1.0,0.0
-1.1017038149227056,-0.3773256177819731,0.37488446036257633,-1.6293872626559722,0.37213685684499237,-0.5811758404403465,0.0,1.0,0.0,0.0,1.0,0.0,1.0,0.0,0.0,0.0,1.0,0.0
-1.1017038149227056,-0.587498285650087,-0.6963374104741434,1.1620037328465218,0.29012322448245964,-0.41459378464567187,0.0,0.0,1.0,0.0,1.0,0.0,1.0,0.0,0.0,0.0,0.0,1.0
1.1216930075089906,1.0413398903277955,-1.5602260159876271,0.6735103086335856,1.2947902209234856,-0.5426948792233397,1.0,0.0,0.0,0.0,0.0,1.0,0.0,0.0,1.0,0.0,0.0,1.0
-0.03276303490746704,-0.42986878474900153,-0.48900414515090734,-0.07086062350041343,-0.6325301395960335,-0.04510726991312275,0.0,0.0,1.0,0.0,0.0,1.0,0.0,1.0,0.0,0.0,1.0,0.0
0.009994596293142505,-0.7976709535182008,0.2712178277009583,1.092218957958959,1.6228447503736165,0.6880207751381271,1.0,0.0,0.0,1.0,0.0,0.0,1.0,0.0,0.0,0.0,0.0,1.0
0.4803285394998475,1.4091420590969947,0.5822177256858124,-0.9315395137803483,-0.5095096910522344,-0.7398254173876558,1.0,0.0,0.0,0.0,1.0,0.0,1.0,0.0,0.0,0.0,1.0,0.0
0.9506624827065525,-0.6925846195841439,0.9968842563322846,1.208526916104896,-0.7145437719585663,1.0098527740883831,0.0,0.0,1.0,0.0,1.0,0.0,0.0,0.0,0.0,1.0,0.0,1.0
-1.443764864527582,-0.7976709535182008,0.44399554880365505,1.045695774700585,1.0282459157452541,-0.3907963481035755,0.0,1.0,0.0,0.0,0.0,1.0,0.0,1.0,0.0,0.0,1.0,0.0
0.1810251210955807,0.6735377215585961,-0.10889315872497453,-1.5363408961392224,0.4541504892075251,-0.6287707135245394,0.0,0.0,1.0,0.0,0.0,1.0,0.0,1.0,0.0,0.0,1.0,0.0
0.35205564589801885,1.5142283930310516,0.7549954467885092,-0.5360924560841628,0.3516334487543592,-0.7783546003605737,0.0,0.0,1.0,0.0,1.0,0.0,0.0,0.0,0.0,1.0,0.0,1.0
-0.2893088221111243,0.5159082206575109,-0.35078196826874997,1.022434183071398,-1.698707360308959,-0.691801761663065,0.0,1.0,0.0,0.0,1.0,0.0,1.0,0.0,0.0,0.0,0.0,1.0
-1.1444614461233151,-0.3773256177819731,-1.041892852679537,-0.23369176490472418,1.212776588560953,-0.6002137896740237,0.0,0.0,1.0,1.0,0.0,0.0,0.0,0.0,1.0,0.0,0.0,1.0
0.9506624827065525,-0.9027572874522577,-0.8000040431357615,-0.7919699640052235,-1.5551835036745267,1.9127955091713549,0.0,0.0,1.0,1.0,0.0,0.0,1.0,0.0,0.0,0.0,1.0,0.0
1.5920269507156957,-0.11460978294683076,-0.7308929546946829,1.185265324475709,-0.796557404321099,0.24507115630123985,0.0,1.0,0.0,0.0,0.0,1.0,1.0,0.0,0.0,0.0,1.0,0.0
0.523086170700457,-0.009523449012773834,1.618884052301993,-0.6524004142300986,-0.8580676285929986,-0.21804458653872769,1.0,0.0,0.0,1.0,0.0,0.0,0.0,1.0,0.0,0.0,1.0,0.0
0.9506624827065525,0.09556288492128309,0.9277731678912059,0.39437120908333595,-1.5551835036745267,-0.15774559024304532,0.0,0.0,1.0,0.0,0.0,1.0,1.0,0.0,0.0,0.0,0.0,1.0
-0.5030969781141721,-1.1129299553203715,-1.145559485341155,0.371109617454149,1.007742507654621,1.8620276445482156,0.0,1.0,0.0,1.0,0.0,0.0,0.0,0.0,0.0,1.0,0.0,1.0
-0.20379355970990523,-0.6925846195841439,-0.7308929546946829,-1.3502481631057226,-1.0425983014086972,0.2755318750751233,0.0,1.0,0.0,0.0,0.0,1.0,0.0,0.0,0.0,1.0,1.0,0.0
0.05275222749375205,0.30573555278939696,-0.4198930567098287,-0.7919699640052235,0.6181777539325906,-0.5321386984748145,0.0,1.0,0.0,0.0,1.0,0.0,0.0,1.0,0.0,0.0,0.0,1.0
-0.3748240845123434,0.14810605188831155,-0.9036706757973796,-1.3502481631057226,0.8847220591108219,-0.5875218235182389,0.0,1.0,0.0,0.0,0.0,1.0,0.0,0.0,0.0,1.0,1.0,0.0
0.009994596293142505,-0.0620666159798023,-1.041892852679537,-0.9315395137803483,0.556667529660691,-0.354184907269581,1.0,0.0,0.0,1.0,0.0,0.0,0.0,0.0,1.0,0.0,0.0,1.0
1.4209964259132575,-0.0620666159798023,-1.7675592813108632,-0.7221851891176615,-1.2066255661337626,0.12908611173914553,0.0,1.0,0.0,0.0,1.0,0.0,1.0,0.0,0.0,0.0,0.0,1.0
-0.20379355970990523,-0.3773256177819731,0.7895509910090485,-0.4663076811965999,-1.5141766874932603,-0.18137890653312738,0.0,0.0,1.0,0.0,1.0,0.0,0.0,1.0,0.0,0.0,1.0,0.0
0.523086170700457,0.3582787197564254,1.515217419640375,0.13849370116227327,-1.5961903198557932,-0.42999212593761665,0.0,0.0,1.0,0.0,1.0,0.0,0.0,0.0,1.0,0.0,0.0,1.0
-0.16103592850929568,0.04301971795425463,-0.8345595873563009,0.7665566751503354,0.16710277593866055,-0.47238755910504887,0.0,0.0,1.0,1.0,0.0,0.0,1.0,0.0,0.0,0.0,1.0,0.0
1.2927235323114288,2.7752644002397346,0.7895509910090485,1.1387421412173349,-1.0836051175899635,-0.8143907185528912,1.0,0.0,0.0,1.0,0.0,0.0,0.0,0.0,0.0,1.0,1.0,0.0
0.43757090829923795,-1.0078436213863147,0.2021067392598796,-1.3269865714765348,-0.48900628296160126,2.1317319253586415,0.0,1.0,0.0,0.0,0.0,1.0,0.0,0.0,0.0,1.0,1.0,0.0
1.378238794712648,0.8311672224596816,-0.24711533560713192,0.371109617454149,-1.698707360308959,-0.42400207351115193,0.0,1.0,0.0,0.0,1.0,0.0,1.0,0.0,0.0,0.0,0.0,1.0
-1.6575530205306297,-1.1129299553203715,1.0659953447733632,0.11523210953308632,1.4998243018298174,0.1486122135172758,0.0,0.0,1.0,0.0,0.0,1.0,0.0,0.0,1.0,0.0,0.0,1.0
1.378238794712648,0.04301971795425463,0.4094400045831157,-0.8152315556344114,-1.247632382315029,0.01715970690379115,0.0,0.0,1.0,0.0,0.0,1.0,0.0,1.0,0.0,0.0,1.0,0.0
-0.07552066610807659,0.5159082206575109,1.2042175216555207,0.9759109998130222,-0.07893812114893764,-0.640347844815289,1.0,0.0,0.0,0.0,0.0,1.0,0.0,0.0,0.0,1.0,0.0,1.0
0.9079048515059429,-0.3773256177819731,0.2712178277009583,-0.6058772309717236,-1.1041085256805967,0.3136077735424773,0.0,0.0,1.0,0.0,1.0,0.0,0.0,0.0,0.0,1.0,0.0,1.0
1.3354811635120385,2.6176348993386496,1.6879951407430716,0.02218574301633644,-1.0631017094993305,-0.7925712507623457,0.0,0.0,1.0,1.0,0.0,0.0,0.0,0.0,0.0,1.0,1.0,0.0
1.6775422131169149,-0.2722392838479162,-0.2125597913865926,-0.04759903187122442,0.8642186510201887,0.4832185939879646,0.0,1.0,0.0,0.0,0.0,1.0,0.0,0.0,0.0,1.0,0.0,1.0
-0.07552066610807659,-0.2722392838479162,0.9623287121117453,0.3013248425665861,-0.119944937330204,-0.22637769563090965,1.0,0.0,0.0,0.0,1.0,0.0,0.0,0.0,1.0,0.0,0.0,1.0
-1.0161885525214867,-1.1129299553203715,0.2712178277009583,1.115480549588148,-1.6166937279464262,1.1005096752011314,1.0,0.0,0.0,1.0,0.0,0.0,0.0,1.0,0.0,0.0,1.0,0.0
0.9506624827065525,1.671857893932137,-1.4911149275465485,1.3946196491383955,-1.3911562389494614,-0.711860068230842,0.0,0.0,1.0,1.0,0.0,0.0,0.0,0.0,1.0,0.0,1.0,0.0
1.0361777451077716,1.8294873948332224,0.09844010659826155,-1.094370655184661,0.3106266325730928,-0.7254957781795118,0.0,1.0,0.0,0.0,0.0,1.0,0.0,0.0,1.0,0.0,1.0,0.0
-1.2299767085245343,-0.6925846195841439,0.8241065352295879,0.5572023504876488,1.6023413422829833,-0.3771978129366633,0.0,0.0,1.0,1.0,0.0,0.0,0.0,0.0,0.0,1.0,1.0,0.0
-1.7003106517312394,-0.9553004544192862,-1.3183372064438517,-0.5593540477133497,0.5771709377513242,-0.3590664327141136,0.0,1.0,0.0,1.0,0.0,0.0,0.0,1.0,0.0,0.0,1.0,0.0
-0.8451580277190484,-1.1129299553203715,0.16755119503934024,0.16175529279146228,-1.801224400762125,1.354348998316826,0.0,0.0,1.0,0.0,0.0,1.0,0.0,0.0,0.0,1.0,1.0,0.0
-0.2893088221111243,0.6209945545915677,1.2733286100965995,0.7898182667795224,-1.1656187499524964,-0.7202993156095254,1.0,0.0,0.0,1.0,0.0,0.0,0.0,1.0,0.0,0.0,1.0,0.0
0.43757090829923795,-1.1129299553203715,-0.10889315872497453,-0.4663076811965999,1.1922731804703197,3.258143921684537,0.0,1.0,0.0,1.0,0.0,0.0,1.0,0.0,0.0,0.0,1.0,0.0
-0.5886122405153912,-0.5349551186830585,-1.5256704717670877,1.2783116909924588,1.5203277099204506,-0.19481745893337002,1.0,0.0,0.0,0.0,0.0,1.0,0.0,0.0,1.0,0.0,1.0,0.0
-0.20379355970990523,-0.9027572874522577,0.1329956508188009,0.5804639421168357,-1.1041085256805967,0.8847462505527905,0.0,0.0,1.0,0.0,0.0,1.0,0.0,0.0,0.0,1.0,1.0,0.0
-0.7168851341172198,-0.16715294991385923,1.1005508889939026,-1.4898177128808474,-1.7602175845808585,-0.5494459250508847,0.0,0.0,1.0,0.0,1.0,0.0,0.0,0.0,0.0,1.0,1.0,0.0
-1.1444614461233151,-0.42986878474900153,-0.005226526063356488,-0.11738380675878735,1.3768038532860183,-0.5661458805190226,1.0,0.0,0.0,0.0,1.0,0.0,0.0,0.0,0.0,1.0,0.0,1.0
-1.2299767085245343,-0.6400414526171154,0.5476621814652731,-1.140893838443036,-1.5551835036745267,-0.4352182296488221,0.0,0.0,1.0,1.0,0.0,0.0,0.0,1.0,0.0,0.0,0.0,1.0
-1.2299767085245343,-0.3773256177819731,-0.24711533560713192,-1.6293872626559722,-0.6325301395960335,-0.6382896881413779,1.0,0.0,0.0,0.0,0.0,1.0,0.0,0.0,0.0,1.0,1.0,0.0
1.6775422131169149,-0.16715294991385923,1.2733286100965995,0.5572023504876488,-0.8785710366836318,0.33899170585404703,0.0,0.0,1.0,0.0,0.0,1.0,0.0,0.0,0.0,1.0,1.0,0.0
0.43757090829923795,-0.6925846195841439,-1.4911149275465485,0.4408943923417119,-0.4685028748709681,0.6834879300824898,0.0,1.0,0.0,0.0,0.0,1.0,0.0,0.0,0.0,1.0,1.0,0.0
-1.2727343397251438,-1.060386788353343,-1.0073373084589976,1.4644044240259586,1.4998243018298174,0.43871429707806997,1.0,0.0,0.0,0.0,1.0,0.0,1.0,0.0,0.0,0.0,0.0,1.0
-0.7168851341172198,-1.1129299553203715,0.9968842563322846,-0.28021494816310016,-1.2066255661337626,1.5447284906535967,0.0,1.0,0.0,1.0,0.0,0.0,0.0,0.0,0.0,1.0,0.0,1.0
-0.5458546093147816,-0.42986878474900153,0.7204399025679699,-1.0245858802970982,-0.6940403638679331,-0.28558662865430734,0.0,1.0,0.0,1.0,0.0,0.0,0.0,0.0,0.0,1.0,0.0,1.0
0.3948132770986284,0.8311672224596816,-0.14344870294551387,0.13849370116227327,-0.8580676285929986,-0.6276638560109534,0.0,1.0,0.0,1.0,0.0,0.0,0.0,0.0,1.0,0.0,1.0,0.0
-1.743068282931849,-1.0078436213863147,-0.8345595873563009,1.7202819319470213,-0.3249790182365358,-0.29560660193518995,1.0,0.0,0.0,0.0,0.0,1.0,0.0,0.0,1.0,0.0,1.0,0.0
-1.0589461837220961,-1.060386788353343,-0.8691151315768402,0.23154006767902316,-0.8170608124117322,0.7106850004163144,0.0,1.0,0.0,0.0,1.0,0.0,0.0,0.0,1.0,0.0,1.0,0.0
1.5065116883144767,1.093883057294824,-0.35078196826874997,0.32458643419577304,0.6386811620232238,-0.48598609427196104,0.0,0.0,1.0,1.0,0.0,0.0,0.0,0.0,1.0,0.0,1.0,0.0
0.9079048515059429,1.9871168957343077,-0.28167087982767125,1.2783116909924588,0.2696198163918265,-0.7671619598770384,0.0,0.0,1.0,1.0,0.0,0.0,0.0,0.0,0.0,1.0,0.0,1.0
-1.2299767085245343,-0.587498285650087,0.9968842563322846,1.2317885077340849,-1.801224400762125,-0.48598609427196104,1.0,0.0,0.0,0.0,0.0,1.0,0.0,0.0,1.0,0.0,1.0,0.0
0.993420113907162,1.5142283930310516,0.6858843583474304,0.7200334918919595,-1.7192107683995923,-0.6763655866087321,0.0,0.0,1.0,0.0,0.0,1.0,0.0,1.0,0.0,0.0,0.0,1.0
0.3948132770986284,-0.6925846195841439,-1.2146705737822336,0.11523210953308632,-0.9400812609555312,0.6562908597486654,0.0,0.0,1.0,0.0,0.0,1.0,0.0,0.0,1.0,0.0,1.0,0.0
-1.1017038149227056,-1.060386788353343,0.4785510930241944,-0.1406453983879743,-0.6940403638679331,0.6562908597486654,1.0,0.0,0.0,0.0,1.0,0.0,0.0,0.0,0.0,1.0,1.0,0.0
-0.6741275029166103,0.4108218867234539,-1.7675592813108632,0.7665566751503354,-1.1861221580431294,-0.7579567976102054,1.0,0.0,0.0,0.0,1.0,0.0,1.0,0.0,0.0,0.0,0.0,1.0
-0.7168851341172198,-1.0078436213863147,-0.28167087982767125,-1.0013242886679112,-0.2634687939646363,0.8466703520854365,0.0,0.0,1.0,1.0,0.0,0.0,0.0,0.0,0.0,1.0,1.0,0.0
0.6086014331016761,1.8820305618002509,-0.9382262200179189,-0.1639069900171633,-1.4321630551307276,-0.7942195580553048,0.0,0.0,1.0,1.0,0.0,0.0,1.0,0.0,0.0,0.0,1.0,0.0
0.3092980146974093,0.6735377215585961,0.23666228348041896,0.9061262249254592,-0.6325301395960335,-0.6002137896740237,0.0,1.0,0.0,0.0,0.0,1.0,0.0,0.0,1.0,0.0,0.0,1.0
-1.443764864527582,-1.0078436213863147,-0.10889315872497453,-0.1639069900171633,1.3973072613766515,0.03755750965415941,1.0,0.0,0.0,1.0,0.0,0.0,1.0,0.0,0.0,0.0,1.0,0.0
1.2499659011108193,1.4091420590969947,-1.733003737090324,-1.5363408961392224,-0.2429653858740031,-0.6129057558298084,1.0,0.0,0.0,0.0,1.0,0.0,1.0,0.0,0.0,0.0,0.0,1.0
1.6347845819163052,0.6735377215585961,-0.8691151315768402,1.3480964658800216,1.0692527319265206,-0.3051255765520285,0.0,0.0,1.0,1.0,0.0,0.0,0.0,1.0,0.0,0.0,0.0,1.0
1.4209964259132575,0.3582787197564254,1.6534395965225321,0.6735103086335856,1.1512663642890533,-0.19481745893337002,0.0,1.0,0.0,1.0,0.0,0.0,1.0,0.0,0.0,0.0,0.0,1.0
0.1810251210955807,0.7260808885256247,-0.005226526063356488,-1.5828640793975974,-1.0425983014086972,-0.6438617708439175,1.0,0.0,0.0,1.0,0.0,0.0,0.0,0.0,0.0,1.0,0.0,1.0
0.523086170700457,1.4616852260640232,0.1329956508188009,-0.11738380675878735,-0.9605846690461645,-0.7421330475977984,1.0,0.0,0.0,0.0,1.0,0.0,1.0,0.0,0.0,0.0,1.0,0.0
-1.1872190773239248,-1.060386788353343,-0.07433761450443518,0.13849370116227327,-1.57568691176516,0.5475025784133677,0.0,1.0,0.0,1.0,0.0,0.0,0.0,1.0,0.0,0.0,0.0,1.0
1.1644506387096003,2.1972895636024217,1.3078841543171387,-1.5130793045100344,0.16710277593866055,-0.7618984020064119,1.0,0.0,0.0,1.0,0.0,0.0,0.0,1.0,0.0,0.0,0.0,1.0
1.6775422131169149,-0.48241195171603,-0.03978207028389583,1.4876660156551456,-0.9810880771367977,0.8678236290117443,0.0,1.0,0.0,0.0,0.0,1.0,0.0,0.0,1.0,0.0,0.0,1.0
-1.358249602126363,-1.0078436213863147,0.02932901815718286,0.9991725914422092,0.4541504892075251,0.13274725582254496,0.0,0.0,1.0,1.0,0.0,0.0,1.0,0.0,0.0,0.0,0.0,1.0
0.26654038349679976,-1.1129299553203715,-0.9036706757973796,0.46415598397089886,-1.3911562389494614,3.004304598568842,1.0,0.0,0.0,0.0,1.0,0.0,0.0,1.0,0.0,0.0,0.0,1.0
1.078935376308381,-0.3773256177819731,-0.005226526063356488,-1.164155430072223,0.2286130002105601,0.38975957047718585,0.0,1.0,0.0,0.0,0.0,1.0,0.0,0.0,1.0,0.0,0.0,1.0
0.6941166955028952,-0.11460978294683076,0.6513288141268911,0.0454473346455234,-0.9605846690461645,-0.0747663908245355,1.0,0.0,0.0,0.0,1.0,0.0,1.0,0.0,0.0,0.0,0.0,1.0
-0.07552066610807659,0.6209945545915677,-0.07433761450443518,-1.094370655184661,-0.01742789687703809,-0.6714840611641996,0.0,1.0,0.0,1.0,0.0,0.0,0.0,0.0,1.0,0.0,0.0,1.0
0.1810251210955807,1.2515125581959092,1.5843285080814535,1.3015732826216457,0.9257288752920882,-0.7622230047213936,0.0,1.0,0.0,1.0,0.0,0.0,0.0,0.0,0.0,1.0,0.0,1.0
1.378238794712648,0.20064921885534,-1.3183372064438517,-1.5596024877684094,0.04408232739486146,-0.1052271095984189,0.0,1.0,0.0,1.0,0.0,0.0,1.0,0.0,0.0,0.0,0.0,1.0
1.4209964259132575,2.1972895636024217,1.2042175216555207,-0.3034765397922871,-1.6577005441276926,-0.7287889250782777,0.0,0.0,1.0,0.0,0.0,1.0,0.0,0.0,1.0,0.0,0.0,1.0
-0.11827829730868614,0.14810605188831155,-0.6617818662536041,-0.2569533565339132,-0.48900628296160126,-0.5113700265835305,0.0,0.0,1.0,0.0,1.0,0.0,0.0,0.0,0.0,1.0,1.0,0.0
-0.41758171571295294,0.5159082206575109,-0.5926707778125254,0.9061262249254592,0.023578919304228275,-0.7226741117717306,1.0,0.0,0.0,0.0,1.0,0.0,1.0,0.0,0.0,0.0,1.0,0.0
1.0361777451077716,0.5159082206575109,-1.4220038391054697,-1.140893838443036,-0.7760539962304658,-0.3727874772068539,1.0,0.0,0.0,1.0,0.0,0.0,0.0,0.0,0.0,1.0,0.0,1.0
-1.1444614461233151,-1.0078436213863147,-0.005226526063356488,-0.37326131467985,0.6386811620232238,0.37072162124350877,0.0,1.0,0.0,0.0,0.0,1.0,1.0,0.0,0.0,0.0,0.0,1.0
-1.5720377581294107,-1.0078436213863147,-0.03978207028389583,-0.3034765397922871,1.3357970371047518,-0.1052271095984189,1.0,0.0,0.0,1.0,0.0,0.0,0.0,0.0,1.0,0.0,1.0,0.0
1.4209964259132575,0.7786240554926531,-1.7675592813108632,-0.04759903187122442,-1.2886391984962953,-0.3953291931592129,1.0,0.0,0.0,0.0,1.0,0.0,0.0,0.0,1.0,0.0,0.0,1.0
0.7796319579041143,1.4616852260640232,1.3769952427582175,0.32458643419577304,-1.0425983014086972,-0.7005957038152303,0.0,1.0,0.0,0.0,1.0,0.0,0.0,0.0,1.0,0.0,1.0,0.0
-0.41758171571295294,-0.009523449012773834,-1.4911149275465485,0.13849370116227327,-0.14044834542083717,-0.5282926481245769,0.0,0.0,1.0,1.0,0.0,0.0,0.0,0.0,0.0,1.0,1.0,0.0
0.35205564589801885,1.0413398903277955,0.4785510930241944,-0.07086062350041343,-1.6577005441276926,-0.6885174690983132,0.0,0.0,1.0,0.0,1.0,0.0,0.0,0.0,0.0,1.0,1.0,0.0
-0.8451580277190484,-1.060386788353343,0.5822177256858124,0.11523210953308632,-0.6735369557772999,0.9826557037545586,1.0,0.0,0.0,1.0,0.0,0.0,0.0,1.0,0.0,0.0,0.0,1.0
0.26654038349679976,-1.1654731222874,1.031439800552824,0.6502487170043987,-1.7397141764902253,3.8546663310064195,0.0,1.0,0.0,0.0,0.0,1.0,0.0,0.0,1.0,0.0,0.0,1.0
-1.6147953893300202,-1.060386788353343,1.5497729638609141,-0.6524004142300986,1.356300445195385,0.003561171736878811,0.0,0.0,1.0,1.0,0.0,0.0,1.0,0.0,0.0,0.0,0.0,1.0
1.4209964259132575,2.565091732371621,-0.8691151315768402,1.045695774700585,-0.09944152923957082,-0.776565319417559,0.0,1.0,0.0,1.0,0.0,0.0,0.0,0.0,1.0,0.0,0.0,1.0
-1.0589461837220961,-1.0078436213863147,-0.14344870294551387,-0.4197844979382239,-0.4479994667803349,0.4659113674118943,0.0,0.0,1.0,1.0,0.0,0.0,1.0,0.0,0.0,0.0,1.0,0.0
-1.5292801269288012,-0.9553004544192862,-1.3874482948849305,-1.5596024877684094,-1.3911562389494614,-0.18984021730365053,1.0,0.0,0.0,1.0,0.0,0.0,0.0,0.0,0.0,1.0,1.0,0.0
1.2927235323114288,1.3565988921299663,0.5476621814652731,0.7200334918919595,-1.0015914852274308,-0.5937480710663597,0.0,1.0,0.0,1.0,0.0,0.0,0.0,0.0,0.0,1.0,1.0,0.0
-0.5886122405153912,0.5159082206575109,0.44399554880365505,-1.164155430072223,-1.3911562389494614,-0.7638372452499513,0.0,1.0,0.0,1.0,0.0,0.0,0.0,0.0,1.0,0.0,1.0,0.0
0.7796319579041143,-0.7451277865511723,0.5476621814652731,-0.4663076811965999,1.0692527319265206,1.066338997089403,1.0,0.0,0.0,1.0,0.0,0.0,0.0,1.0,0.0,0.0,0.0,1.0
0.6086014331016761,1.2515125581959092,-1.1801150295616942,1.3480964658800216,-0.40699265059906853,-0.687564380275601,1.0,0.0,0.0,0.0,1.0,0.0,1.0,0.0,0.0,0.0,0.0,1.0
0.9506624827065525,-1.060386788353343,-0.9382262200179189,1.5109276072843345,-1.5346800955838935,3.267209611795812,0.0,1.0,0.0,1.0,0.0,0.0,0.0,0.0,1.0,0.0,0.0,1.0
-1.5720377581294107,-1.060386788353343,1.1696619774349812,0.2548016593082122,1.4383140775579177,0.05795531240452766,0.0,1.0,0.0,1.0,0.0,0.0,0.0,0.0,0.0,1.0,1.0,0.0
-0.33206645331173384,0.4108218867234539,-1.733003737090324,-1.3502481631057226,-0.2224619777833699,-0.6709261725419673,0.0,1.0,0.0,0.0,1.0,0.0,0.0,0.0,1.0,0.0,0.0,1.0
0.35205564589801885,0.46336505369048236,0.1329956508188009,1.1387421412173349,0.2081095921199269,-0.5177160096614228,0.0,1.0,0.0,1.0,0.0,0.0,0.0,0.0,1.0,0.0,1.0,0.0
1.378238794712648,1.56677155999808,-0.5926707778125254,1.4876660156551456,-0.38648924250843536,-0.6262657202043187,0.0,1.0,0.0,0.0,1.0,0.0,0.0,0.0,1.0,0.0,0.0,1.0
0.35205564589801885,0.5159082206575109,-0.14344870294551387,0.32458643419577304,-0.796557404321099,-0.5374400111197369,0.0,1.0,0.0,0.0,1.0,0.0,0.0,1.0,0.0,0.0,0.0,1.0
-1.0589461837220961,-0.9553004544192862,0.0638845623777222,0.4874175756000858,0.5771709377513242,0.2755318750751233,0.0,1.0,0.0,0.0,0.0,1.0,0.0,0.0,0.0,1.0,0.0,1.0
-0.41758171571295294,-0.8502141204852293,0.7204399025679699,-1.4665561212516596,-1.698707360308959,0.5178330471401047,0.0,1.0,0.0,0.0,1.0,0.0,1.0,0.0,0.0,0.0,1.0,0.0
0.0955098586943616,-1.1129299553203715,-0.7654484989152222,1.2550500993632718,-1.5346800955838935,2.7504652754531476,0.0,0.0,1.0,1.0,0.0,0.0,0.0,1.0,0.0,0.0,0.0,1.0
-0.20379355970990523,0.09556288492128309,0.5476621814652731,0.5572023504876488,0.5361641215700579,-0.5122453345942742,0.0,0.0,1.0,1.0,0.0,0.0,1.0,0.0,0.0,0.0,1.0,0.0
0.4803285394998475,0.8311672224596816,-0.8000040431357615,1.4411428323967717,0.6796879782044901,-0.6099541357935794,0.0,1.0,0.0,1.0,0.0,0.0,1.0,0.0,0.0,0.0,1.0,0.0
0.13826748989497115,-0.42986878474900153,1.2042175216555207,0.9991725914422092,1.4793208937391842,0.03505251633393867,1.0,0.0,0.0,1.0,0.0,0.0,0.0,0.0,0.0,1.0,0.0,1.0
0.009994596293142505,-0.2196961168808877,-0.005226526063356488,1.115480549588148,1.0487493238358874,-0.23766501731095538,0.0,1.0,0.0,0.0,0.0,1.0,0.0,1.0,0.0,0.0,0.0,1.0
0.05275222749375205,-0.6400414526171154,-1.249226118002773,0.06870892627471241,-0.5300130991428676,0.32629973969826237,0.0,1.0,0.0,0.0,0.0,1.0,0.0,0.0,0.0,1.0,1.0,0.0
-1.443764864527582,-0.6400414526171154,-0.6963374104741434,1.6272355654302713,0.08508914357612782,-0.5621378912066695,0.0,0.0,1.0,0.0,0.0,1.0,1.0,0.0,0.0,0.0,1.0,0.0
0.3948132770986284,1.0413398903277955,-1.6638926486492451,-1.3735097547349095,-0.9400812609555312,-0.6804162141052592,0.0,1.0,0.0,0.0,0.0,1.0,0.0,0.0,1.0,0.0,0.0,1.0
-0.6741275029166103,-0.48241195171603,0.5822177256858124,-0.4197844979382239,0.7617016105670228,-0.29560660193518995,1.0,0.0,0.0,1.0,0.0,0.0,0.0,0.0,1.0,0.0,1.0,0.0
-0.887915658919658,-0.8502141204852293,-1.733003737090324,-0.024337440242037465,-1.3091426065869285,0.13707406246656242,1.0,0.0,0.0,0.0,0.0,1.0,0.0,0.0,0.0,1.0,0.0,1.0
-0.887915658919658,-1.1654731222874,-1.1801150295616942,0.6967719002627726,-0.5505165072335009,1.798567813769292,1.0,0.0,0.0,0.0,0.0,1.0,1.0,0.0,0.0,0.0,1.0,0.0
-0.11827829730868614,-0.6400414526171154,-1.2837816622233125,1.185265324475709,-1.7807209926714918,0.2247640104519843,1.0,0.0,0.0,0.0,1.0,0.0,0.0,0.0,0.0,1.0,0.0,1.0
-1.6575530205306297,-1.060386788353343,0.0638845623777222,0.4176328007125229,-0.01742789687703809,-0.050832968930770044,0.0,0.0,1.0,1.0,0.0,0.0,0.0,0.0,1.0,0.0,0.0,1.0
0.009994596293142505,-0.48241195171603,1.135106433214442,-0.7454467807468484,-0.8375642205023653,0.04284582888573636,1.0,0.0,0.0,1.0,0.0,0.0,0.0,1.0,0.0,0.0,0.0,1.0
0.26654038349679976,0.20064921885534,0.44399554880365505,-1.4665561212516596,1.4383140775579177,-0.42457335480848657,1.0,0.0,0.0,1.0,0.0,0.0,0.0,0.0,0.0,1.0,1.0,0.0
0.6941166955028952,0.6209945545915677,-0.9727817642384582,0.09197051790389936,1.3973072613766515,-0.4957491451610262,0.0,0.0,1.0,0.0,1.0,0.0,0.0,0.0,1.0,0.0,1.0,0.0
-0.2893088221111243,-0.16715294991385923,1.1696619774349812,-1.071109063555473,0.06458573548549464,-0.3907963481035755,1.0,0.0,0.0,0.0,0.0,1.0,0.0,1.0,0.0,0.0,1.0,0.0
-0.6741275029166103,-0.5349551186830585,0.5476621814652731,1.045695774700585,-1.7192107683995923,-0.23961263360084556,1.0,0.0,0.0,0.0,0.0,1.0,1.0,0.0,0.0,0.0,1.0,0.0
0.43757090829923795,1.671857893932137,0.6858843583474304,0.5106791672292728,-1.3911562389494614,-0.7893025735881726,0.0,0.0,1.0,0.0,1.0,0.0,0.0,1.0,0.0,0.0,1.0,0.0
1.5065116883144767,0.46336505369048236,0.2021067392598796,-0.4430460895674129,0.8232118348389224,-0.23214677115626633,0.0,0.0,1.0,0.0,1.0,0.0,0.0,1.0,0.0,0.0,0.0,1.0
-0.11827829730868614,-0.7451277865511723,1.6534395965225321,-1.4665561212516596,0.14659936784802738,0.4512667910782966,1.0,0.0,0.0,0.0,1.0,0.0,0.0,0.0,1.0,0.0,0.0,1.0
1.3354811635120385,2.039660062701336,-0.8691151315768402,-1.6061256710267844,-1.6371971360370594,-0.716749115286229,1.0,0.0,0.0,0.0,0.0,1.0,0.0,1.0,0.0,0.0,1.0,0.0
-0.8024003965184389,-0.48241195171603,-0.4198930567098287,-0.7221851891176615,0.5976743458419573,-0.3590664327141136,0.0,1.0,0.0,0.0,0.0,1.0,1.0,0.0,0.0,0.0,1.0,0.0
1.463754057113867,-1.060386788353343,-0.3853375124892893,0.9991725914422092,-0.07893812114893764,3.919939299807598,1.0,0.0,0.0,1.0,0.0,0.0,0.0,1.0,0.0,0.0,1.0,0.0
-0.03276303490746704,0.5684513876245393,-1.249226118002773,-0.2569533565339132,0.9257288752920882,-0.646305666766084,1.0,0.0,0.0,1.0,0.0,0.0,0.0,1.0,0.0,0.0,0.0,1.0
-0.5458546093147816,0.4108218867234539,-0.14344870294551387,0.02218574301633644,-1.4936732794026273,-0.7253203132096161,1.0,0.0,0.0,1.0,0.0,0.0,0.0,0.0,1.0,0.0,1.0,0.0
0.6513590643022857,1.4091420590969947,0.23666228348041896,-0.4663076811965999,-0.5095096910522344,-0.7116210481525787,0.0,0.0,1.0,0.0,1.0,0.0,0.0,1.0,0.0,0.0,1.0,0.0
0.0955098586943616,-0.9553004544192862,1.3078841543171387,-0.8850163305219733,1.3768038532860183,1.4178088290957498,1.0,0.0,0.0,0.0,1.0,0.0,1.0,0.0,0.0,0.0,0.0,1.0
1.5492693195150862,2.8278075672067633,0.02932901815718286,0.7200334918919595,0.5361641215700579,-0.791533427651964,0.0,1.0,0.0,0.0,1.0,0.0,0.0,1.0,0.0,0.0,1.0,0.0
0.5658438019010666,-1.1654731222874,0.9968842563322846,-1.4432945296224726,0.7206947943857565,4.387728909549379,0.0,1.0,0.0,0.0,1.0,0.0,0.0,0.0,0.0,1.0,1.0,0.0
0.009994596293142505,0.3582787197564254,1.0659953447733632,-0.6058772309717236,-1.8217278088527582,-0.5643776499400432,0.0,0.0,1.0,1.0,0.0,0.0,0.0,0.0,0.0,1.0,0.0,1.0
0.13826748989497115,-1.060386788353343,1.4115507869787567,0.7665566751503354,-1.698707360308959,2.2337209391104826,0.0,1.0,0.0,0.0,1.0,0.0,0.0,1.0,0.0,0.0,0.0,1.0
1.5920269507156957,3.143066569008934,0.2712178277009583,0.02218574301633644,-1.7602175845808585,-0.8186031383545955,0.0,1.0,0.0,0.0,1.0,0.0,1.0,0.0,0.0,0.0,1.0,0.0
0.26654038349679976,-0.3773256177819731,-0.3162264240482106,-0.28021494816310016,-0.6325301395960335,0.02803853503732089,0.0,0.0,1.0,0.0,1.0,0.0,0.0,1.0,0.0,0.0,1.0,0.0
-0.6741275029166103,-0.48241195171603,0.6513288141268911,-0.9548011054095362,0.47465389729815827,-0.29560660193518995,0.0,1.0,0.0,0.0,0.0,1.0,0.0,0.0,0.0,1.0,1.0,0.0
-0.887915658919658,0.09556288492128309,-0.8691151315768402,0.02218574301633644,1.0897561400171538,-0.7223192571727802,0.0,1.0,0.0,0.0,0.0,1.0,0.0,0.0,0.0,1.0,1.0,0.0
0.7368743267035048,0.7260808885256247,-1.352892750664391,1.7202819319470213,-1.57568691176516,-0.523133312288892,0.0,0.0,1.0,0.0,0.0,1.0,1.0,0.0,0.0,0.0,1.0,0.0
-0.16103592850929568,-0.3773256177819731,1.4115507869787567,-1.18741702170141,-0.9400812609555312,-0.1623409572994502,1.0,0.0,0.0,0.0,1.0,0.0,0.0,0.0,1.0,0.0,1.0,0.0
-0.41758171571295294,-0.6925846195841439,-1.2146705737822336,-1.7224336291727222,-1.4116596470400944,0.13954652340600104,1.0,0.0,0.0,1.0,0.0,0.0,0.0,0.0,0.0,1.0,0.0,1.0
0.993420113907162,-1.1129299553203715,-0.9382262200179189,-1.18741702170141,-0.6325301395960335,4.083121721810545,0.0,1.0,0.0,1.0,0.0,0.0,0.0,0.0,1.0,0.0,1.0,0.0
-0.5030969781141721,-0.7976709535182008,-0.7308929546946829,0.27806325093739914,-0.30447561014590263,0.30726179046458496,0.0,1.0,0.0,0.0,0.0,1.0,1.0,0.0,0.0,0.0,0.0,1.0
1.0361777451077716,2.460005398437564,1.0659953447733632,-0.7687083723760365,1.6023413422829833,-0.8101457704129497,0.0,1.0,0.0,0.0,1.0,0.0,0.0,1.0,0.0,0.0,0.0,1.0
0.993420113907162,1.4616852260640232,-1.733003737090324,0.5106791672292728,0.9667356914733547,-0.66598125066309,0.0,1.0,0.0,0.0,1.0,0.0,1.0,0.0,0.0,0.0,1.0,0.0
-1.6147953893300202,-0.7451277865511723,-0.3162264240482106,0.6967719002627726,-0.2429653858740031,-0.5738535522735477,1.0,0.0,0.0,0.0,0.0,1.0,0.0,0.0,0.0,1.0,1.0,0.0
-0.20379355970990523,0.3582787197564254,-1.733003737090324,0.7200334918919595,0.4541504892075251,-0.6203716182743877,0.0,1.0,0.0,0.0,0.0,1.0,1.0,0.0,0.0,0.0,1.0,0.0
-1.5720377581294107,-0.9027572874522577,-0.9382262200179189,-0.37326131467985,-0.03793130496767127,-0.3336825004025442,0.0,0.0,1.0,1.0,0.0,0.0,0.0,0.0,1.0,0.0,0.0,1.0
1.2927235323114288,-0.5349551186830585,-1.041892852679537,1.3713580575092086,1.0282459157452541,0.790676383751092,1.0,0.0,0.0,1.0,0.0,0.0,1.0,0.0,0.0,0.0,0.0,1.0
0.26654038349679976,0.8837103894267101,-0.8345595873563009,1.022434183071398,0.6181777539325906,-0.6677119733206971,0.0,0.0,1.0,0.0,1.0,0.0,0.0,0.0,1.0,0.0,1.0,0.0
-0.33206645331173384,-0.42986878474900153,0.09844010659826155,-0.9548011054095362,0.6796879782044901,-0.1853868958454805,0.0,1.0,0.0,0.0,0.0,1.0,0.0,1.0,0.0,0.0,1.0,0.0
1.6775422131169149,1.5142283930310516,0.5476621814652731,-0.11738380675878735,1.4383140775579177,-0.5675773052734343,0.0,1.0,0.0,0.0,0.0,1.0,0.0,1.0,0.0,0.0,1.0,0.0
-0.8024003965184389,-0.587498285650087,-0.6272263220330647,-1.4432945296224726,1.3768038532860183,-0.2480117288509972,1.0,0.0,0.0,1.0,0.0,0.0,0.0,0.0,1.0,0.0,1.0,0.0
-0.5886122405153912,-0.16715294991385923,-1.3874482948849305,-1.4665561212516596,1.007742507654621,-0.501851051966692,0.0,1.0,0.0,0.0,0.0,1.0,0.0,0.0,0.0,1.0,0.0,1.0
-0.7596427653178293,0.30573555278939696,-1.2146705737822336,-0.5593540477133497,1.233279996651586,-0.7513635684383693,1.0,0.0,0.0,1.0,0.0,0.0,0.0,0.0,1.0,0.0,0.0,1.0
0.1810251210955807,-0.48241195171603,0.4785510930241944,-0.5593540477133497,0.24911640830119328,0.127458936590968,1.0,0.0,0.0,1.0,0.0,0.0,0.0,0.0,1.0,0.0,1.0,0.0
1.6347845819163052,2.3023758975364785,-1.6638926486492451,0.8828646332962723,0.023578919304228275,-0.7165866061165007,0.0,1.0,0.0,1.0,0.0,0.0,0.0,0.0,1.0,0.0,0.0,1.0
-0.9306732901202674,-0.7976709535182008,-0.7308929546946829,0.6037255337460227,0.8437152429295556,-0.01003736343003336,0.0,0.0,1.0,0.0,0.0,1.0,1.0,0.0,0.0,0.0,0.0,1.0
1.378238794712648,1.2515125581959092,-1.352892750664391,1.6970203403178343,-0.18145516160210354,-0.5531788562731744,1.0,0.0,0.0,0.0,0.0,1.0,0.0,0.0,1.0,0.0,0.0,1.0
1.463754057113867,0.04301971795425463,-0.5926707778125254,0.5339407588584618,1.3152936290141188,0.0443567772376155,1.0,0.0,0.0,0.0,1.0,0.0,0.0,1.0,0.0,0.0,1.0,0.0
0.5658438019010666,0.7786240554926531,1.2733286100965995,-1.7456952208019092,-0.4479994667803349,-0.5766429953847092,0.0,0.0,1.0,1.0,0.0,0.0,0.0,1.0,0.0,0.0,1.0,0.0
-0.5458546093147816,-0.5349551186830585,-1.6984481928697845,-0.37326131467985,-0.28397220205526946,-0.17241987159963215,0.0,1.0,0.0,0.0,0.0,1.0,0.0,1.0,0.0,0.0,1.0,0.0
-0.5886122405153912,-0.9553004544192862,-1.5947815602081665,1.3015732826216457,1.6228447503736165,0.740903967453897,1.0,0.0,0.0,0.0,1.0,0.0,0.0,0.0,0.0,1.0,0.0,1.0
0.5658438019010666,-0.587498285650087,-1.5602260159876271,-0.6524004142300986,0.8232118348389224,0.5135062404960871,1.0,0.0,0.0,0.0,1.0,0.0,0.0,0.0,1.0,0.0,1.0,0.0
1.2927235323114288,0.7786240554926531,0.8586620794501272,1.6504971570594582,-0.2634687939646363,-0.4225262634930374,0.0,1.0,0.0,0.0,0.0,1.0,0.0,0.0,1.0,0.0,1.0,0.0
-0.973430921320877,-0.2722392838479162,-1.145559485341155,-0.18716858164635025,0.4541504892075251,-0.5898294537283816,0.0,1.0,0.0,0.0,1.0,0.0,0.0,0.0,0.0,1.0,0.0,1.0
0.6086014331016761,1.2515125581959092,0.5822177256858124,-1.3967713463640976,-0.6735369557772999,-0.687564380275601,0.0,1.0,0.0,0.0,1.0,0.0,1.0,0.0,0.0,0.0,0.0,1.0
1.078935376308381,-0.9027572874522577,1.618884052301993,1.2783116909924588,-1.6577005441276926,2.027023204573417,0.0,0.0,1.0,0.0,0.0,1.0,0.0,0.0,1.0,0.0,1.0,0.0
1.0361777451077716,-0.11460978294683076,-1.041892852679537,-0.5128308644549738,-0.5300130991428676,0.04707648427099793,0.0,0.0,1.0,0.0,0.0,1.0,0.0,0.0,1.0,0.0,1.0,0.0
-0.6741275029166103,-1.060386788353343,1.23877306587606,0.23154006767902316,-0.5095096910522344,1.2002322664251543,1.0,0.0,0.0,0.0,1.0,0.0,0.0,1.0,0.0,0.0,1.0,0.0
0.0955098586943616,-0.7976709535182008,0.09844010659826155,0.5106791672292728,0.8437152429295556,0.7514806059170509,0.0,0.0,1.0,0.0,0.0,1.0,0.0,1.0,0.0,0.0,0.0,1.0
0.8651472203053334,0.3582787197564254,1.618884052301993,-1.6293872626559722,1.3357970371047518,-0.3404017766026655,0.0,0.0,1.0,0.0,0.0,1.0,1.0,0.0,0.0,0.0,0.0,1.0
1.2072082699102098,2.2498327305694503,1.2042175216555207,0.6037255337460227,-0.18145516160210354,-0.7633962116769704,0.0,1.0,0.0,1.0,0.0,0.0,1.0,0.0,0.0,0.0,1.0,0.0
0.43757090829923795,-0.3247824508149446,1.0659953447733632,1.4644044240259586,0.556667529660691,0.039823932181978106,0.0,1.0,0.0,0.0,0.0,1.0,1.0,0.0,0.0,0.0,0.0,1.0
-1.3154919709257533,-0.587498285650087,1.3078841543171387,-1.4432945296224726,0.8847220591108219,-0.5335809673561538,0.0,1.0,0.0,1.0,0.0,0.0,1.0,0.0,0.0,0.0,1.0,0.0
-0.8451580277190484,-0.0620666159798023,1.5497729638609141,-0.7919699640052235,1.4383140775579177,-0.6470764339415366,0.0,0.0,1.0,0.0,1.0,0.0,0.0,0.0,0.0,1.0,1.0,0.0
-1.2727343397251438,-0.7451277865511723,1.0659953447733632,0.8828646332962723,0.18760618402929374,-0.3395403309359833,0.0,1.0,0.0,0.0,1.0,0.0,0.0,0.0,1.0,0.0,1.0,0.0
1.378238794712648,2.092203229668365,-1.041892852679537,1.4644044240259586,-0.2429653858740031,-0.7189878610124868,0.0,0.0,1.0,0.0,0.0,1.0,0.0,0.0,0.0,1.0,0.0,1.0
0.26654038349679976,-0.587498285650087,-0.9382262200179189,0.6269871253752096,1.0487493238358874,0.3469241847014124,0.0,1.0,0.0,1.0,0.0,0.0,0.0,1.0,0.0,0.0,0.0,1.0
0.6941166955028952,-0.8502141204852293,0.6513288141268911,-1.0013242886679112,-0.7350471800491994,1.4178088290957498,1.0,0.0,0.0,0.0,0.0,1.0,0.0,0.0,0.0,1.0,0.0,1.0
-0.41758171571295294,-1.1654731222874,-1.7675592813108632,0.7898182667795224,-0.14044834542083717,2.6362375800510844,0.0,0.0,1.0,1.0,0.0,0.0,1.0,0.0,0.0,0.0,0.0,1.0
-0.5886122405153912,-0.9553004544192862,-0.07433761450443518,0.4408943923417119,-0.05843471305830445,0.740903967453897,1.0,0.0,0.0,1.0,0.0,0.0,0.0,1.0,0.0,0.0,1.0,0.0
-0.33206645331173384,-1.1129299553203715,0.7895509910090485,-0.3034765397922871,-0.4685028748709681,2.115866967663911,1.0,0.0,0.0,0.0,0.0,1.0,0.0,0.0,0.0,1.0,1.0,0.0
-0.03276303490746704,-0.16715294991385923,-1.5947815602081665,-1.071109063555473,1.13076295619842,-0.29560660193518995,1.0,0.0,0.0,1.0,0.0,0.0,1.0,0.0,0.0,0.0,0.0,1.0
-1.1017038149227056,-0.5349551186830585,0.9277731678912059,0.34784802582496205,-0.7760539962304658,-0.46358850693822334,0.0,0.0,1.0,0.0,1.0,0.0,0.0,1.0,0.0,0.0,0.0,1.0
1.6775422131169149,-0.3247824508149446,-1.0764483969000762,-1.6991720375435342,1.3152936290141188,0.5656339586359173,0.0,1.0,0.0,0.0,1.0,0.0,0.0,0.0,0.0,1.0,0.0,1.0
0.1810251210955807,-0.42986878474900153,-0.9382262200179189,0.7898182667795224,-0.05843471305830445,0.0550924628957041,0.0,1.0,0.0,0.0,0.0,1.0,0.0,1.0,0.0,0.0,1.0,0.0
0.7796319579041143,1.8820305618002509,0.16755119503934024,0.9526494081838353,-0.5915233234147672,-0.7700443844252385,0.0,0.0,1.0,1.0,0.0,0.0,0.0,1.0,0.0,0.0,0.0,1.0
0.26654038349679976,0.25319238582236847,-0.3853375124892893,0.5106791672292728,-1.7602175845808585,-0.45028993945881646,0.0,1.0,0.0,0.0,1.0,0.0,1.0,0.0,0.0,0.0,0.0,1.0
-1.0589461837220961,-0.9553004544192862,-1.0073373084589976,-1.7224336291727222,-1.2681357904056623,0.2755318750751233,0.0,1.0,0.0,0.0,0.0,1.0,0.0,0.0,0.0,1.0,0.0,1.0
-1.7003106517312394,-1.1129299553203715,-1.249226118002773,-1.0245858802970982,-0.38648924250843536,0.08515238273835218,0.0,1.0,0.0,0.0,1.0,0.0,0.0,1.0,0.0,0.0,0.0,1.0
-1.1872190773239248,-0.48241195171603,-1.5256704717670877,-0.5593540477133497,0.12609595975739418,-0.5494459250508847,0.0,1.0,0.0,1.0,0.0,0.0,0.0,0.0,0.0,1.0,1.0,0.0
-0.5886122405153912,0.5159082206575109,0.0638845623777222,1.022434183071398,-1.1861221580431294,-0.7638372452499513,0.0,0.0,1.0,1.0,0.0,0.0,0.0,0.0,0.0,1.0,1.0,0.0
-1.4865224957281915,-0.6400414526171154,-1.4220038391054697,-1.2572017965889728,1.4793208937391842,-0.5875218235182389,0.0,0.0,1.0,0.0,0.0,1.0,0.0,0.0,1.0,0.0,0.0,1.0
-1.1444614461233151,-0.587498285650087,-0.14344870294551387,-0.3034765397922871,-0.119944937330204,-0.4383912211877683,0.0,0.0,1.0,0.0,0.0,1.0,0.0,1.0,0.0,0.0,1.0,0.0
1.2927235323114288,1.9871168957343077,-0.3853375124892893,-1.5596024877684094,0.8642186510201887,-0.7144414850760864,0.0,0.0,1.0,0.0,1.0,0.0,0.0,1.0,0.0,0.0,1.0,0.0
-0.5458546093147816,-0.48241195171603,0.30577337192149767,0.5106791672292728,0.5156607134794247,-0.23214677115626633,1.0,0.0,0.0,0.0,0.0,1.0,1.0,0.0,0.0,0.0,0.0,1.0
1.463754057113867,-0.11460978294683076,0.7204399025679699,-0.21043017327553723,0.5976743458419573,0.19938007814041475,0.0,1.0,0.0,0.0,1.0,0.0,0.0,0.0,1.0,0.0,0.0,1.0
-0.8024003965184389,0.09556288492128309,0.5476621814652731,0.7898182667795224,1.1102595481077868,-0.696060016850467,0.0,1.0,0.0,0.0,0.0,1.0,0.0,0.0,1.0,0.0,0.0,1.0
0.993420113907162,2.092203229668365,-0.10889315872497453,1.4411428323967717,-0.3659858344178022,-0.7701345902969925,0.0,1.0,0.0,0.0,1.0,0.0,0.0,0.0,0.0,1.0,1.0,0.0
0.523086170700457,-0.7451277865511723,1.446106331199296,-0.6989235974884735,-0.18145516160210354,0.8906040810862297,0.0,0.0,1.0,0.0,1.0,0.0,0.0,0.0,0.0,1.0,1.0,0.0
0.6086014331016761,-0.16715294991385923,-0.24711533560713192,-1.071109063555473,-0.5505165072335009,-0.05763223651422613,1.0,0.0,0.0,0.0,1.0,0.0,0.0,0.0,0.0,1.0,0.0,1.0
0.523086170700457,0.30573555278939696,0.30577337192149767,-0.8617547388927863,1.2742868128328524,-0.4052190369169673,0.0,1.0,0.0,0.0,0.0,1.0,0.0,0.0,0.0,1.0,0.0,1.0
0.8223895891047238,-0.3247824508149446,1.1696619774349812,-0.0941222151296004,0.9667356914733547,0.20300635418492466,0.0,0.0,1.0,0.0,1.0,0.0,0.0,0.0,1.0,0.0,0.0,1.0
0.523086170700457,1.1989693912288808,-1.5256704717670877,-0.07086062350041343,-1.1041085256805967,-0.6915959459956739,0.0,0.0,1.0,0.0,1.0,0.0,0.0,0.0,0.0,1.0,1.0,0.0
0.7368743267035048,1.8820305618002509,-1.2837816622233125,-0.0941222151296004,0.9872390995639878,-0.7760881778327551,1.0,0.0,0.0,1.0,0.0,0.0,1.0,0.0,0.0,0.0,1.0,0.0
-0.973430921320877,-1.0078436213863147,0.2712178277009583,0.4408943923417119,-0.48900628296160126,0.5611011135802798,0.0,1.0,0.0,0.0,0.0,1.0,0.0,0.0,0.0,1.0,0.0,1.0
1.4209964259132575,2.092203229668365,-0.5926707778125254,0.9061262249254592,-0.7145437719585663,-0.7133048910919861,0.0,1.0,0.0,0.0,0.0,1.0,0.0,0.0,0.0,1.0,0.0,1.0
0.993420113907162,-0.16715294991385923,-0.4198930567098287,-0.39652290630903697,-0.2634687939646363,0.08515238273835218,0.0,1.0,0.0,0.0,1.0,0.0,1.0,0.0,0.0,0.0,1.0,0.0
0.6513590643022857,-0.9553004544192862,0.44399554880365505,-0.21043017327553723,-1.8217278088527582,1.9677940291797553,0.0,0.0,1.0,0.0,0.0,1.0,0.0,1.0,0.0,0.0,1.0,0.0
-0.6313698717160007,0.20064921885534,0.5476621814652731,-1.6759104459143472,-0.7760539962304658,-0.6825068605550796,0.0,1.0,0.0,1.0,0.0,0.0,0.0,0.0,1.0,0.0,1.0,0.0
0.523086170700457,-1.1129299553203715,-1.5947815602081665,-0.5128308644549738,-0.571019915324134,3.385063583242384,0.0,1.0,0.0,0.0,0.0,1.0,0.0,0.0,0.0,1.0,0.0,1.0
-0.5458546093147816,-0.16715294991385923,-1.1801150295616942,-0.6291388226009117,-1.4321630551307276,-0.48598609427196104,1.0,0.0,0.0,1.0,0.0,0.0,1.0,0.0,0.0,0.0,1.0,0.0
-0.07552066610807659,-0.48241195171603,0.5476621814652731,-0.9082779221511613,-0.01742789687703809,0.0005392750331205509,0.0,0.0,1.0,1.0,0.0,0.0,0.0,0.0,1.0,0.0,1.0,0.0
-0.7596427653178293,-0.9553004544192862,-1.6984481928697845,-0.3034765397922871,0.556667529660691,0.5716777520434337,1.0,0.0,0.0,0.0,0.0,1.0,0.0,0.0,1.0,0.0,1.0,0.0
-1.4865224957281915,-0.6400414526171154,-0.558115233591986,1.7435435235762082,1.2742868128328524,-0.5875218235182389,0.0,0.0,1.0,0.0,1.0,0.0,0.0,0.0,1.0,0.0,0.0,1.0
-0.5030969781141721,0.14810605188831155,-1.5256704717670877,-0.6524004142300986,-0.4479994667803349,-0.6255977219855932,0.0,0.0,1.0,0.0,1.0,0.0,1.0,0.0,0.0,0.0,0.0,1.0
-1.6147953893300202,-1.0078436213863147,-0.8345595873563009,1.115480549588148,0.37213685684499237,-0.15282198268261166,0.0,0.0,1.0,0.0,0.0,1.0,1.0,0.0,0.0,0.0,1.0,0.0
-0.3748240845123434,-0.6925846195841439,1.5843285080814535,1.3480964658800216,-0.6735369557772999,0.16674359373982553,0.0,1.0,0.0,1.0,0.0,0.0,0.0,1.0,0.0,0.0,0.0,1.0
-1.6575530205306297,-0.9027572874522577,-1.5947815602081665,0.4408943923417119,0.6181777539325906,-0.4098342973372526,1.0,0.0,0.0,0.0,0.0,1.0,0.0,0.0,1.0,0.0,0.0,1.0
-0.8451580277190484,-0.9553004544192862,0.7549954467885092,-1.7224336291727222,1.0487493238358874,0.4870646443382021,1.0,0.0,0.0,0.0,0.0,1.0,0.0,0.0,1.0,0.0,1.0,0.0
0.8651472203053334,0.30573555278939696,-0.35078196826874997,1.5807123821718954,1.2947902209234856,-0.31291382851126004,0.0,1.0,0.0,0.0,1.0,0.0,1.0,0.0,0.0,0.0,0.0,1.0
0.4803285394998475,0.30573555278939696,0.4094400045831157,-0.0010758486128505111,0.6796879782044901,-0.41675718796768074,1.0,0.0,0.0,1.0,0.0,0.0,0.0,1.0,0.0,0.0,1.0,0.0
1.2927235323114288,1.7244010608991656,-1.6984481928697845,-1.6759104459143472,0.16710277593866055,-0.6700196035308398,1.0,0.0,0.0,1.0,0.0,0.0,0.0,1.0,0.0,0.0,0.0,1.0
1.6347845819163052,1.4091420590969947,1.5497729638609141,-1.117632246813848,-0.7760539962304658,-0.5494459250508847,1.0,0.0,0.0,0.0,0.0,1.0,1.0,0.0,0.0,0.0,0.0,1.0
-1.2727343397251438,-1.060386788353343,-0.9382262200179189,1.3248348742508347,-0.2429653858740031,0.43871429707806997,0.0,1.0,0.0,0.0,0.0,1.0,0.0,1.0,0.0,0.0,0.0,1.0
0.13826748989497115,-0.2722392838479162,-0.8691151315768402,-0.024337440242037465,0.33113004066372603,-0.13984156275055906,0.0,0.0,1.0,0.0,1.0,0.0,0.0,1.0,0.0,0.0,0.0,1.0
-1.358249602126363,-0.6925846195841439,-1.6984481928697845,1.022434183071398,1.6638515665548828,-0.45878902393813653,1.0,0.0,0.0,1.0,0.0,0.0,0.0,0.0,0.0,1.0,0.0,1.0
-1.3154919709257533,-0.8502141204852293,1.446106331199296,-1.6061256710267844,1.1512663642890533,-0.20907046905483956,1.0,0.0,0.0,1.0,0.0,0.0,0.0,0.0,0.0,1.0,0.0,1.0
-1.1017038149227056,-0.9027572874522577,-0.3853375124892893,-1.6526488542851592,-0.48900628296160126,0.08515238273835218,1.0,0.0,0.0,1.0,0.0,0.0,0.0,0.0,0.0,1.0,1.0,0.0
0.4803285394998475,1.8294873948332224,-0.10889315872497453,-1.0013242886679112,0.556667529660691,-0.8053323394820285,0.0,1.0,0.0,0.0,1.0,0.0,0.0,1.0,0.0,0.0,1.0,0.0
-0.03276303490746704,1.093883057294824,-1.249226118002773,-0.4430460895674129,-0.42749605868970175,-0.7715553327771176,0.0,1.0,0.0,0.0,1.0,0.0,0.0,0.0,1.0,0.0,1.0,0.0
-1.4010072333269725,-1.1129299553203715,-1.6984481928697845,0.09197051790389936,-0.20195856969273673,0.5293711981908181,0.0,1.0,0.0,0.0,1.0,0.0,0.0,0.0,1.0,0.0,1.0,0.0
1.2927235323114288,0.14810605188831155,-0.5926707778125254,-1.3037249798473478,-0.05843471305830445,-0.09253514344263421,0.0,1.0,0.0,1.0,0.0,0.0,1.0,0.0,0.0,0.0,1.0,0.0
1.1216930075089906,-0.0620666159798023,0.4094400045831157,-0.11738380675878735,0.39264026493562554,0.026574077403961116,1.0,0.0,0.0,1.0,0.0,0.0,0.0,0.0,1.0,0.0,0.0,1.0
1.463754057113867,1.3565988921299663,-1.5602260159876271,-0.5593540477133497,1.212776588560953,-0.5650115439211868,0.0,1.0,0.0,0.0,0.0,1.0,1.0,0.0,0.0,0.0,0.0,1.0
0.9506624827065525,0.7260808885256247,-0.10889315872497453,-1.4200329379932846,1.58183793419235,-0.4766992897677283,0.0,1.0,0.0,0.0,0.0,1.0,0.0,1.0,0.0,0.0,1.0,0.0
-0.7168851341172198,-0.11460978294683076,-0.6617818662536041,0.4176328007125229,1.13076295619842,-0.5773682505936112,1.0,0.0,0.0,0.0,0.0,1.0,0.0,0.0,0.0,1.0,0.0,1.0
1.0361777451077716,1.6193147269651085,1.1696619774349812,-0.34999972305066307,-0.14044834542083717,-0.6894952067698887,0.0,0.0,1.0,0.0,1.0,0.0,0.0,0.0,0.0,1.0,0.0,1.0
0.0955098586943616,-0.2196961168808877,-0.10889315872497453,-0.37326131467985,-1.022094893318064,-0.20455554038282114,0.0,0.0,1.0,0.0,0.0,1.0,0.0,1.0,0.0,0.0,1.0,0.0
-1.0589461837220961,-0.11460978294683076,0.340328916142037,-1.4200329379932846,0.6796879782044901,-0.6992111256891447,0.0,1.0,0.0,0.0,1.0,0.0,0.0,0.0,0.0,1.0,1.0,0.0
-0.6313698717160007,-0.2722392838479162,-1.456559383326009,0.18501688442064923,0.5976743458419573,-0.45137164111982087,0.0,0.0,1.0,0.0,1.0,0.0,0.0,0.0,1.0,0.0,1.0,0.0
-1.7003106517312394,-1.1654731222874,-1.4911149275465485,0.4408943923417119,1.233279996651586,0.35168367200983175,1.0,0.0,0.0,1.0,0.0,0.0,1.0,0.0,0.0,0.0,0.0,1.0
-1.7003106517312394,-0.9553004544192862,-0.10889315872497453,0.34784802582496205,1.0897561400171538,-0.3590664327141136,0.0,0.0,1.0,1.0,0.0,0.0,1.0,0.0,0.0,0.0,0.0,1.0
-0.6313698717160007,-0.6925846195841439,-1.041892852679537,1.068957366329772,-1.7192107683995923,0.003561171736878811,0.0,1.0,0.0,0.0,0.0,1.0,1.0,0.0,0.0,0.0,1.0,0.0
1.2927235323114288,1.5142283930310516,-1.1801150295616942,0.9526494081838353,-1.8217278088527582,-0.6287707135245394,0.0,0.0,1.0,1.0,0.0,0.0,0.0,0.0,0.0,1.0,1.0,0.0
-0.8451580277190484,0.04301971795425463,1.3078841543171387,0.5106791672292728,-1.1041085256805967,-0.6899641217756444,1.0,0.0,0.0,1.0,0.0,0.0,0.0,1.0,0.0,0.0,0.0,1.0
-1.5720377581294107,-0.9553004544192862,-1.5602260159876271,-0.4663076811965999,-0.6120267315054003,-0.23214677115626633,0.0,0.0,1.0,1.0,0.0,0.0,1.0,0.0,0.0,0.0,0.0,1.0
0.6086014331016761,0.7786240554926531,-0.454448600930368,-0.0010758486128505111,0.9667356914733547,-0.5675773052734343,0.0,1.0,0.0,0.0,0.0,1.0,1.0,0.0,0.0,0.0,1.0,0.0
-0.5458546093147816,-0.7976709535182008,-0.9036706757973796,0.02218574301633644,1.6638515665548828,0.2755318750751233,1.0,0.0,0.0,0.0,0.0,1.0,0.0,0.0,0.0,1.0,1.0,0.0
-0.41758171571295294,0.25319238582236847,1.618884052301993,0.4408943923417119,-0.9810880771367977,-0.6406694317955876,1.0,0.0,0.0,0.0,1.0,0.0,0.0,0.0,1.0,0.0,0.0,1.0
0.993420113907162,1.1464262242618524,-0.6617818662536041,-0.0010758486128505111,-0.9400812609555312,-0.5947743756072589,0.0,0.0,1.0,0.0,1.0,0.0,0.0,0.0,0.0,1.0,0.0,1.0
1.378238794712648,-0.48241195171603,-0.5926707778125254,-1.6526488542851592,-0.38648924250843536,0.7197506905275892,0.0,1.0,0.0,1.0,0.0,0.0,1.0,0.0,0.0,0.0,1.0,0.0
0.3092980146974093,-0.587498285650087,1.446106331199296,0.4408943923417119,1.13076295619842,0.37072162124350877,0.0,0.0,1.0,0.0,0.0,1.0,0.0,0.0,1.0,0.0,0.0,1.0
-1.6575530205306297,-1.1654731222874,-0.4198930567098287,1.5574507905427084,-0.8785710366836318,0.4278354689445402,0.0,0.0,1.0,1.0,0.0,0.0,0.0,1.0,0.0,0.0,1.0,0.0
0.26654038349679976,1.4091420590969947,0.0638845623777222,-1.3502481631057226,0.2286130002105601,-0.7750808789315022,0.0,1.0,0.0,0.0,1.0,0.0,0.0,0.0,1.0,0.0,1.0,0.0
0.9079048515059429,1.671857893932137,-0.4198930567098287,-1.7456952208019092,-0.6530335476866668,-0.7183136103439528,1.0,0.0,0.0,0.0,1.0,0.0,0.0,0.0,0.0,1.0,0.0,1.0
1.5492693195150862,1.9345737287672793,0.37488446036257633,-1.6991720375435342,1.0897561400171538,-0.6704162274732081,1.0,0.0,0.0,0.0,0.0,1.0,0.0,0.0,1.0,0.0,0.0,1.0
0.6513590643022857,0.4108218867234539,-1.4911149275465485,1.4876660156551456,0.8027084267482892,-0.42071312547078243,0.0,1.0,0.0,0.0,1.0,0.0,1.0,0.0,0.0,0.0,0.0,1.0
-0.03276303490746704,-0.587498285650087,0.5822177256858124,-0.04759903187122442,0.18760618402929374,0.1803421289067377,0.0,0.0,1.0,1.0,0.0,0.0,0.0,0.0,0.0,1.0,1.0,0.0
0.7796319579041143,0.09556288492128309,-0.7654484989152222,-0.07086062350041343,0.003075511213595094,-0.21026407088767193,1.0,0.0,0.0,0.0,0.0,1.0,0.0,0.0,0.0,1.0,1.0,0.0
-0.33206645331173384,0.4108218867234539,-0.558115233591986,-0.7687083723760365,1.3768038532860183,-0.6709261725419673,0.0,0.0,1.0,1.0,0.0,0.0,1.0,0.0,0.0,0.0,0.0,1.0
-1.1444614461233151,-1.060386788353343,0.09844010659826155,1.068957366329772,1.0282459157452541,0.6018967190810164,0.0,0.0,1.0,0.0,0.0,1.0,0.0,0.0,0.0,1.0,0.0,1.0
-1.358249602126363,-0.9027572874522577,-0.9036706757973796,-1.117632246813848,-0.16095175351147037,-0.14330300806577315,0.0,1.0,0.0,0.0,1.0,0.0,1.0,0.0,0.0,0.0,1.0,0.0
-0.07552066610807659,0.46336505369048236,-0.28167087982767125,-1.18741702170141,-1.5141766874932603,-0.6234823942929624,0.0,1.0,0.0,0.0,1.0,0.0,0.0,1.0,0.0,0.0,0.0,1.0
0.5658438019010666,0.25319238582236847,-1.6984481928697845,1.045695774700585,-1.247632382315029,-0.3669989115614791,0.0,1.0,0.0,0.0,1.0,0.0,0.0,1.0,0.0,0.0,0.0,1.0
-0.07552066610807659,0.09556288492128309,0.5822177256858124,0.34784802582496205,-0.2224619777833699,-0.4728564741108045,0.0,0.0,1.0,0.0,1.0,0.0,0.0,0.0,0.0,1.0,0.0,1.0
1.1216930075089906,0.7260808885256247,1.23877306587606,0.2548016593082122,-0.2429653858740031,-0.4395520717507973,0.0,0.0,1.0,0.0,1.0,0.0,0.0,0.0,0.0,1.0,1.0,0.0
-0.973430921320877,0.04301971795425463,-0.558115233591986,-0.7454467807468484,-0.9195778528648981,-0.7307597272763809,1.0,0.0,0.0,0.0,0.0,1.0,1.0,0.0,0.0,0.0,0.0,1.0
-1.5720377581294107,-0.7451277865511723,-0.03978207028389583,0.02218574301633644,0.8642186510201887,-0.5445643996063521,0.0,0.0,1.0,0.0,0.0,1.0,0.0,0.0,0.0,1.0,0.0,1.0
-0.2893088221111243,0.04301971795425463,1.1005508889939026,0.5572023504876488,-1.3706528308588282,-0.5131831646057855,0.0,1.0,0.0,0.0,0.0,1.0,0.0,0.0,0.0,1.0,1.0,0.0
0.8223895891047238,2.1972895636024217,1.4806618754198355,0.4408943923417119,-0.5095096910522344,-0.8060443712439239,0.0,1.0,0.0,0.0,0.0,1.0,0.0,0.0,0.0,1.0,1.0,0.0
1.0361777451077716,-1.1129299553203715,1.4115507869787567,-0.32673813142147407,-0.5300130991428676,4.146581552589469,0.0,1.0,0.0,1.0,0.0,0.0,1.0,0.0,0.0,0.0,1.0,0.0
-1.3154919709257533,-0.8502141204852293,1.6534395965225321,1.6504971570594582,-0.3249790182365358,-0.20907046905483956,0.0,0.0,1.0,0.0,0.0,1.0,0.0,1.0,0.0,0.0,1.0,0.0
-1.4865224957281915,-1.1654731222874,-1.5256704717670877,1.1620037328465218,0.8437152429295556,0.7324426566833739,1.0,0.0,0.0,0.0,0.0,1.0,1.0,0.0,0.0,0.0,0.0,1.0
-0.5886122405153912,0.46336505369048236,1.6879951407430716,-0.11738380675878735,0.08508914357612782,-0.7504020558508098,1.0,0.0,0.0,0.0,0.0,1.0,0.0,0.0,1.0,0.0,1.0,0.0
-0.24655119091051478,-0.42986878474900153,0.44399554880365505,0.2082784760498362,0.6181777539325906,-0.1453070027219496,0.0,0.0,1.0,0.0,1.0,0.0,0.0,0.0,1.0,0.0,0.0,1.0
-0.07552066610807659,-0.3247824508149446,1.5843285080814535,-1.5130793045100344,-0.6530335476866668,-0.17775263048861747,1.0,0.0,0.0,0.0,1.0,0.0,1.0,0.0,0.0,0.0,0.0,1.0
-1.3154919709257533,-0.6925846195841439,0.44399554880365505,0.46415598397089886,0.9872390995639878,-0.4315919536043122,0.0,0.0,1.0,0.0,0.0,1.0,1.0,0.0,0.0,0.0,1.0,0.0
-0.33206645331173384,-1.060386788353343,0.44399554880365505,0.6967719002627726,-1.8217278088527582,1.6353853917663452,0.0,0.0,1.0,0.0,0.0,1.0,0.0,0.0,0.0,1.0,0.0,1.0
0.4803285394998475,0.30573555278939696,0.5131066372447337,0.32458643419577304,-1.4116596470400944,-0.41675718796768074,1.0,0.0,0.0,1.0,0.0,0.0,0.0,0.0,1.0,0.0,0.0,1.0
-1.4865224957281915,-1.0078436213863147,0.4785510930241944,-1.5596024877684094,-0.20195856969273673,-0.01003736343003336,1.0,0.0,0.0,1.0,0.0,0.0,0.0,0.0,0.0,1.0,0.0,1.0
0.1810251210955807,0.5684513876245393,-1.3183372064438517,1.208526916104896,0.6796879782044901,-0.5962058003616706,0.0,0.0,1.0,0.0,1.0,0.0,0.0,0.0,1.0,0.0,0.0,1.0
-0.03276303490746704,-0.587498285650087,-0.8000040431357615,-0.7919699640052235,0.12609595975739418,0.1803421289067377,0.0,1.0,0.0,0.0,1.0,0.0,0.0,1.0,0.0,0.0,1.0,0.0
-0.2893088221111243,-1.0078436213863147,-0.35078196826874997,-0.8384931472635984,1.4178106694672847,1.322619082927364,0.0,1.0,0.0,0.0,1.0,0.0,0.0,0.0,1.0,0.0,1.0,0.0
-0.973430921320877,-0.11460978294683076,-1.6984481928697845,-0.024337440242037465,0.5976743458419573,-0.6687504069152612,0.0,0.0,1.0,0.0,1.0,0.0,0.0,0.0,1.0,0.0,0.0,1.0
-1.5292801269288012,-0.6400414526171154,0.4785510930241944,1.4644044240259586,0.04408232739486146,-0.6129057558298084,1.0,0.0,0.0,1.0,0.0,0.0,0.0,1.0,0.0,0.0,0.0,1.0
1.378238794712648,1.671857893932137,-0.7308929546946829,-0.32673813142147407,-0.20195856969273673,-0.6473246470997331,1.0,0.0,0.0,0.0,1.0,0.0,1.0,0.0,0.0,0.0,0.0,1.0
0.7368743267035048,0.4108218867234539,-1.5947815602081665,0.23154006767902316,0.023578919304228275,-0.3989554692037228,1.0,0.0,0.0,0.0,1.0,0.0,0.0,1.0,0.0,0.0,0.0,1.0
0.43757090829923795,0.46336505369048236,0.6167732699063517,0.27806325093739914,0.2286130002105601,-0.496562732735115,0.0,1.0,0.0,0.0,0.0,1.0,0.0,0.0,1.0,0.0,1.0,0.0
1.463754057113867,2.4074622314705354,-1.0764483969000762,-1.5363408961392224,0.8027084267482892,-0.7519957958932028,0.0,0.0,1.0,0.0,1.0,0.0,0.0,1.0,0.0,0.0,0.0,1.0
-1.443764864527582,-0.8502141204852293,1.5843285080814535,1.2317885077340849,0.782205018657656,-0.31291382851126004,0.0,0.0,1.0,0.0,1.0,0.0,0.0,1.0,0.0,0.0,0.0,1.0
-1.443764864527582,-0.8502141204852293,-1.733003737090324,0.2082784760498362,0.003075511213595094,-0.31291382851126004,1.0,0.0,0.0,0.0,1.0,0.0,0.0,0.0,0.0,1.0,1.0,0.0
-0.887915658919658,-0.9027572874522577,0.30577337192149767,-0.8850163305219733,-0.40699265059906853,0.2755318750751233,0.0,0.0,1.0,0.0,1.0,0.0,0.0,0.0,0.0,1.0,0.0,1.0
-0.6313698717160007,-0.9553004544192862,0.5476621814652731,-0.07086062350041343,-1.0631017094993305,0.698597413601281,0.0,1.0,0.0,0.0,0.0,1.0,0.0,1.0,0.0,0.0,0.0,1.0
1.378238794712648,0.5159082206575109,-0.48900414515090734,1.1620037328465218,-0.4685028748709681,-0.2904612102504123,0.0,0.0,1.0,1.0,0.0,0.0,0.0,0.0,0.0,1.0,1.0,0.0
-1.5292801269288012,-0.6400414526171154,1.6879951407430716,1.5109276072843345,-0.09944152923957082,-0.6129057558298084,0.0,1.0,0.0,0.0,0.0,1.0,0.0,0.0,0.0,1.0,0.0,1.0
-1.5292801269288012,-1.1129299553203715,0.30577337192149767,-0.7919699640052235,0.9462322833827215,0.33899170585404703,0.0,0.0,1.0,1.0,0.0,0.0,0.0,1.0,0.0,0.0,0.0,1.0
-1.743068282931849,-1.060386788353343,0.6858843583474304,-0.9780626970387232,-0.9810880771367977,-0.15962125026606774,0.0,1.0,0.0,1.0,0.0,0.0,0.0,0.0,1.0,0.0,0.0,1.0
0.22378275229619024,-0.5349551186830585,1.135106433214442,0.5106791672292728,0.8232118348389224,0.23073670040764768,0.0,0.0,1.0,1.0,0.0,0.0,0.0,0.0,0.0,1.0,1.0,0.0
-1.0589461837220961,-0.9027572874522577,0.4785510930241944,-1.6526488542851592,-0.9400812609555312,0.12322828120570642,1.0,0.0,0.0,1.0,0.0,0.0,0.0,0.0,0.0,1.0,1.0,0.0
0.43757090829923795,0.30573555278939696,-1.629337104428706,1.4644044240259586,0.2081095921199269,-0.4282953390183941,0.0,1.0,0.0,0.0,1.0,0.0,0.0,1.0,0.0,0.0,0.0,1.0
1.3354811635120385,0.3582787197564254,1.618884052301993,-0.6058772309717236,0.8437152429295556,-0.2172150462671077,0.0,1.0,0.0,0.0,1.0,0.0,0.0,0.0,0.0,1.0,1.0,0.0
-1.443764864527582,-0.7976709535182008,-0.4198930567098287,0.6037255337460227,-0.8990744447742649,-0.3907963481035755,0.0,1.0,0.0,0.0,1.0,0.0,0.0,0.0,1.0,0.0,0.0,1.0
-1.0589461837220961,-0.7451277865511723,1.135106433214442,1.4644044240259586,0.8437152429295556,-0.19309456760000557,0.0,0.0,1.0,0.0,0.0,1.0,0.0,1.0,0.0,0.0,0.0,1.0
1.5492693195150862,1.6193147269651085,-1.733003737090324,-0.32673813142147407,-0.3249790182365358,-0.610717485802949,0.0,0.0,1.0,1.0,0.0,0.0,0.0,0.0,1.0,0.0,0.0,1.0
-0.7596427653178293,-0.48241195171603,0.23666228348041896,-0.07086062350041343,1.1717697723796865,-0.3379131557878058,0.0,0.0,1.0,1.0,0.0,0.0,0.0,1.0,0.0,0.0,1.0,0.0
-1.1444614461233151,-1.1129299553203715,-1.3874482948849305,-1.164155430072223,1.6433481584642498,0.9101301828643603,1.0,0.0,0.0,0.0,1.0,0.0,0.0,0.0,1.0,0.0,1.0,0.0
0.8651472203053334,0.7786240554926531,1.2733286100965995,-0.2569533565339132,-1.0631017094993305,-0.5131831646057855,0.0,1.0,0.0,0.0,1.0,0.0,1.0,0.0,0.0,0.0,1.0,0.0
-1.1017038149227056,-0.6925846195841439,0.7895509910090485,1.7435435235762082,1.5613345261017169,-0.29560660193518995,0.0,0.0,1.0,0.0,0.0,1.0,0.0,0.0,0.0,1.0,0.0,1.0
-1.6575530205306297,-1.1654731222874,0.8241065352295879,0.32458643419577304,-1.6371971360370594,0.4278354689445402,0.0,0.0,1.0,0.0,1.0,0.0,0.0,0.0,0.0,1.0,0.0,1.0
-1.1444614461233151,-1.1654731222874,-0.8691151315768402,1.3946196491383955,1.0897561400171538,1.3416570321610413,0.0,0.0,1.0,0.0,1.0,0.0,0.0,1.0,0.0,0.0,0.0,1.0
0.009994596293142505,0.9362535563937385,-1.5602260159876271,1.7202819319470213,-1.8217278088527582,-0.7313641066171326,0.0,0.0,1.0,0.0,0.0,1.0,0.0,1.0,0.0,0.0,1.0,0.0
-1.1017038149227056,-0.2722392838479162,-0.8000040431357615,1.4644044240259586,0.3516334487543592,-0.641751133456592,0.0,0.0,1.0,0.0,0.0,1.0,1.0,0.0,0.0,0.0,0.0,1.0
0.6513590643022857,-0.0620666159798023,0.7895509910090485,-0.1639069900171633,1.233279996651586,-0.1345162622656145,0.0,1.0,0.0,0.0,0.0,1.0,0.0,1.0,0.0,0.0,0.0,1.0
-1.443764864527582,-1.1654731222874,-1.6984481928697845,0.11523210953308632,-1.57568691176516,0.8085944536180824,1.0,0.0,0.0,1.0,0.0,0.0,0.0,1.0,0.0,0.0,1.0,0.0
-0.33206645331173384,-1.1654731222874,1.6879951407430716,0.4874175756000858,-1.350149422768195,2.7885411739205015,1.0,0.0,0.0,1.0,0.0,0.0,0.0,0.0,0.0,1.0,0.0,1.0
-0.03276303490746704,-0.6400414526171154,1.515217419640375,1.3713580575092086,1.6638515665548828,0.2755318750751233,0.0,1.0,0.0,0.0,1.0,0.0,1.0,0.0,0.0,0.0,1.0,0.0
1.6775422131169149,1.2515125581959092,0.16755119503934024,-1.5596024877684094,-0.20195856969273673,-0.5009178191611195,0.0,0.0,1.0,0.0,0.0,1.0,0.0,0.0,0.0,1.0,1.0,0.0
1.463754057113867,2.985437068107849,-1.145559485341155,-0.9082779221511613,0.2696198163918265,-0.8168837833334918,0.0,1.0,0.0,1.0,0.0,0.0,1.0,0.0,0.0,0.0,0.0,1.0
0.3092980146974093,0.9362535563937385,0.4785510930241944,-0.1406453983879743,0.2696198163918265,-0.6721349312234706,1.0,0.0,0.0,0.0,0.0,1.0,0.0,1.0,0.0,0.0,1.0,0.0
1.1644506387096003,-0.6400414526171154,-0.4198930567098287,0.6037255337460227,0.782205018657656,0.9862819797990684,0.0,0.0,1.0,0.0,1.0,0.0,1.0,0.0,0.0,0.0,1.0,0.0
1.4209964259132575,0.46336505369048236,-0.35078196826874997,0.7432950835211485,-0.4685028748709681,-0.25330004808257417,1.0,0.0,0.0,0.0,1.0,0.0,0.0,0.0,1.0,0.0,1.0,0.0
-1.1872190773239248,-0.48241195171603,1.342439698537678,-1.4898177128808474,0.9667356914733547,-0.5494459250508847,0.0,0.0,1.0,1.0,0.0,0.0,0.0,1.0,0.0,0.0,0.0,1.0
0.5658438019010666,1.3565988921299663,0.30577337192149767,-0.7454467807468484,1.2947902209234856,-0.715878311433345,0.0,1.0,0.0,0.0,1.0,0.0,0.0,0.0,0.0,1.0,1.0,0.0
-0.16103592850929568,0.8837103894267101,0.9277731678912059,-1.6759104459143472,1.1102595481077868,-0.7542481062010475,0.0,0.0,1.0,1.0,0.0,0.0,0.0,1.0,0.0,0.0,1.0,0.0
1.4209964259132575,-0.2196961168808877,0.6858843583474304,-0.23369176490472418,1.13076295619842,0.3086413520032575,0.0,1.0,0.0,0.0,1.0,0.0,0.0,0.0,0.0,1.0,0.0,1.0
0.7796319579041143,-0.6925846195841439,0.6858843583474304,-1.18741702170141,0.5976743458419573,0.9010644927530855,1.0,0.0,0.0,0.0,0.0,1.0,0.0,1.0,0.0,0.0,1.0,0.0
-1.0161885525214867,-1.060386788353343,-1.733003737090324,-0.7687083723760365,-0.7555505881398327,0.7650791410839631,0.0,1.0,0.0,0.0,1.0,0.0,0.0,1.0,0.0,0.0,1.0,0.0
-1.4010072333269725,-0.8502141204852293,0.02932901815718286,0.18501688442064923,-0.09944152923957082,-0.2782993753591199,0.0,1.0,0.0,1.0,0.0,0.0,1.0,0.0,0.0,0.0,0.0,1.0
-0.16103592850929568,0.988796723360767,-0.3162264240482106,0.32458643419577304,-0.8785710366836318,-0.7756940173931344,1.0,0.0,0.0,0.0,1.0,0.0,0.0,0.0,1.0,0.0,1.0,0.0
0.13826748989497115,-1.1654731222874,1.3769952427582175,0.2082784760498362,-1.5961903198557932,3.6262109402022946,1.0,0.0,0.0,1.0,0.0,0.0,0.0,1.0,0.0,0.0,0.0,1.0
0.7368743267035048,-0.7976709535182008,1.6534395965225321,0.11523210953308632,-0.07893812114893764,1.2274293367589786,1.0,0.0,0.0,0.0,0.0,1.0,1.0,0.0,0.0,0.0,1.0,0.0
0.8223895891047238,0.4108218867234539,-0.7654484989152222,0.5572023504876488,-0.40699265059906853,-0.3771978129366633,1.0,0.0,0.0,0.0,1.0,0.0,0.0,0.0,0.0,1.0,1.0,0.0
-1.1444614461233151,-0.8502141204852293,0.5131066372447337,0.7898182667795224,0.7206947943857565,-0.07061265644627873,0.0,1.0,0.0,1.0,0.0,0.0,0.0,0.0,1.0,0.0,1.0,0.0
0.009994596293142505,0.7786240554926531,-1.3874482948849305,-1.2339402049597847,-0.9605846690461645,-0.6944969668312818,1.0,0.0,0.0,1.0,0.0,0.0,0.0,0.0,0.0,1.0,1.0,0.0
0.43757090829923795,-0.7451277865511723,0.30577337192149767,0.11523210953308632,-0.7555505881398327,0.8320257757518388,1.0,0.0,0.0,0.0,0.0,1.0,0.0,0.0,0.0,1.0,0.0,1.0
-1.0589461837220961,-0.587498285650087,1.0659953447733632,0.8596030416670853,-0.5505165072335009,-0.3907963481035755,0.0,0.0,1.0,0.0,1.0,0.0,1.0,0.0,0.0,0.0,0.0,1.0
-0.7168851341172198,-0.16715294991385923,0.1329956508188009,-0.39652290630903697,0.782205018657656,-0.5494459250508847,0.0,0.0,1.0,0.0,0.0,1.0,1.0,0.0,0.0,0.0,0.0,1.0
1.5492693195150862,2.5125485654045923,-1.249226118002773,1.6039739738010843,1.3152936290141188,-0.7550557767745976,0.0,0.0,1.0,0.0,1.0,0.0,1.0,0.0,0.0,0.0,1.0,0.0
1.5492693195150862,-0.9553004544192862,0.23666228348041896,0.16175529279146228,0.8847220591108219,2.856231660084687,1.0,0.0,0.0,1.0,0.0,0.0,0.0,1.0,0.0,0.0,0.0,1.0
0.13826748989497115,-0.11460978294683076,1.1696619774349812,0.4874175756000858,-1.2681357904056623,-0.2727610628547774,0.0,1.0,0.0,0.0,0.0,1.0,1.0,0.0,0.0,0.0,0.0,1.0
-0.16103592850929568,1.0413398903277955,-0.8691151315768402,-1.047847471926286,-1.4116596470400944,-0.7857325290149623,0.0,0.0,1.0,1.0,0.0,0.0,0.0,0.0,1.0,0.0,1.0,0.0
0.5658438019010666,0.30573555278939696,1.0659953447733632,-0.28021494816310016,-1.8217278088527582,-0.39368088586625394,0.0,0.0,1.0,0.0,0.0,1.0,1.0,0.0,0.0,0.0,1.0,0.0
-1.0589461837220961,-0.48241195171603,-1.249226118002773,-0.0941222151296004,-0.2634687939646363,-0.48598609427196104,0.0,1.0,0.0,1.0,0.0,0.0,1.0,0.0,0.0,0.0,1.0,0.0
-0.20379355970990523,-0.11460978294683076,1.23877306587606,-1.2106786133305978,1.4998243018298174,-0.39460393795031085,0.0,1.0,0.0,0.0,1.0,0.0,0.0,1.0,0.0,0.0,0.0,1.0
-0.33206645331173384,-0.6925846195841439,-0.9382262200179189,-0.6058772309717236,1.2742868128328524,0.19394066407364988,0.0,1.0,0.0,0.0,0.0,1.0,1.0,0.0,0.0,0.0,0.0,1.0
0.3948132770986284,-0.0620666159798023,-1.249226118002773,-1.3502481631057226,-0.5915233234147672,-0.22238372026720102,0.0,0.0,1.0,0.0,0.0,1.0,0.0,0.0,0.0,1.0,0.0,1.0
0.8223895891047238,-0.2722392838479162,-1.1801150295616942,0.34784802582496205,0.8642186510201887,0.13707406246656242,1.0,0.0,0.0,1.0,0.0,0.0,0.0,0.0,1.0,0.0,1.0,0.0
-0.07552066610807659,-1.1654731222874,-1.1801150295616942,1.6737587486886452,0.9052254672014551,3.2454519555287527,1.0,0.0,0.0,1.0,0.0,0.0,0.0,1.0,0.0,0.0,0.0,1.0
0.8651472203053334,-0.587498285650087,0.7549954467885092,1.4876660156551456,0.5361641215700579,0.6800882962907617,0.0,1.0,0.0,0.0,1.0,0.0,0.0,0.0,0.0,1.0,1.0,0.0
-0.8024003965184389,0.20064921885534,0.37488446036257633,1.6272355654302713,-1.7602175845808585,-0.7316370521258593,0.0,1.0,0.0,1.0,0.0,0.0,0.0,0.0,0.0,1.0,0.0,1.0
1.2072082699102098,-1.0078436213863147,-0.3853375124892893,-1.5363408961392224,1.0692527319265206,2.988439640874111,0.0,0.0,1.0,1.0,0.0,0.0,0.0,0.0,1.0,0.0,0.0,1.0
1.6775422131169149,2.4074622314705354,1.515217419640375,-0.6291388226009117,0.023578919304228275,-0.7259164133813164,0.0,0.0,1.0,0.0,0.0,1.0,0.0,0.0,0.0,1.0,0.0,1.0
-1.2299767085245343,-1.1129299553203715,0.8241065352295879,0.5106791672292728,1.13076295619842,0.7832105213065127,1.0,0.0,0.0,1.0,0.0,0.0,0.0,0.0,1.0,0.0,0.0,1.0
1.2072082699102098,2.5125485654045923,-1.4220038391054697,1.5341891989135215,-1.698707360308959,-0.7956700684731085,0.0,0.0,1.0,0.0,0.0,1.0,0.0,1.0,0.0,0.0,1.0,0.0
0.6941166955028952,0.8311672224596816,0.7549954467885092,-0.4197844979382239,0.6591845701138569,-0.5656798352501442,0.0,1.0,0.0,0.0,1.0,0.0,1.0,0.0,0.0,0.0,0.0,1.0
-1.743068282931849,-0.9027572874522577,0.09844010659826155,-0.3034765397922871,1.4178106694672847,-0.48598609427196104,1.0,0.0,0.0,0.0,1.0,0.0,0.0,0.0,1.0,0.0,0.0,1.0
-0.2893088221111243,0.4108218867234539,-1.3874482948849305,0.5572023504876488,-0.05843471305830445,-0.6600473444084374,0.0,0.0,1.0,0.0,0.0,1.0,1.0,0.0,0.0,0.0,0.0,1.0
-0.9306732901202674,0.04301971795425463,0.7204399025679699,-1.140893838443036,-0.2429653858740031,-0.7171611921094688,0.0,0.0,1.0,0.0,0.0,1.0,1.0,0.0,0.0,0.0,0.0,1.0
-1.7003106517312394,-0.9553004544192862,-1.4220038391054697,-0.8617547388927863,0.18760618402929374,-0.3590664327141136,0.0,0.0,1.0,1.0,0.0,0.0,0.0,0.0,1.0,0.0,0.0,1.0
-0.4603393469135625,0.6209945545915677,0.37488446036257633,-0.6989235974884735,0.7411982024763897,-0.7593515191657861,0.0,0.0,1.0,1.0,0.0,0.0,0.0,0.0,1.0,0.0,0.0,1.0
1.2927235323114288,1.776944227866194,1.6879951407430716,1.4644044240259586,0.04408232739486146,-0.6794865618929414,0.0,1.0,0.0,1.0,0.0,0.0,0.0,0.0,0.0,1.0,1.0,0.0
0.009994596293142505,0.8837103894267101,0.6167732699063517,0.6735103086335856,-0.9605846690461645,-0.7196336530489074,0.0,1.0,0.0,0.0,1.0,0.0,1.0,0.0,0.0,0.0,1.0,0.0
-1.1872190773239248,-0.7451277865511723,-0.5926707778125254,1.2317885077340849,-0.6735369557772999,-0.2809620256015922,1.0,0.0,0.0,1.0,0.0,0.0,0.0,0.0,1.0,0.0,1.0,0.0
0.6086014331016761,-1.060386788353343,1.6879951407430716,-0.28021494816310016,0.7206947943857565,2.8320564864546203,0.0,1.0,0.0,1.0,0.0,0.0,0.0,0.0,1.0,0.0,1.0,0.0
-0.9306732901202674,-0.7976709535182008,0.6513288141268911,-0.5360924560841628,-0.6735369557772999,-0.01003736343003336,0.0,0.0,1.0,0.0,1.0,0.0,0.0,0.0,1.0,0.0,0.0,1.0
-0.4603393469135625,-0.8502141204852293,-1.1110039411206156,1.4411428323967717,0.9257288752920882,0.4832185939879646,0.0,1.0,0.0,0.0,0.0,1.0,0.0,0.0,1.0,0.0,1.0,0.0
-0.6313698717160007,-0.2196961168808877,-1.1110039411206156,1.5574507905427084,1.4383140775579177,-0.48598609427196104,0.0,1.0,0.0,0.0,1.0,0.0,1.0,0.0,0.0,0.0,1.0,0.0
0.05275222749375205,-0.8502141204852293,-0.48900414515090734,-0.04759903187122442,-0.571019915324134,0.8985920318136469,0.0,1.0,0.0,1.0,0.0,0.0,0.0,0.0,1.0,0.0,0.0,1.0
-1.4010072333269725,-0.48241195171603,1.6879951407430716,-1.2804633882181597,0.5771709377513242,-0.6552123096824242,0.0,1.0,0.0,0.0,1.0,0.0,1.0,0.0,0.0,0.0,1.0,0.0
-0.7596427653178293,-1.1129299553203715,-0.5926707778125254,0.34784802582496205,-1.5346800955838935,1.4812686598746736,0.0,1.0,0.0,0.0,0.0,1.0,0.0,0.0,1.0,0.0,0.0,1.0
-0.33206645331173384,-0.0620666159798023,0.09844010659826155,0.8130798584087093,-0.9605846690461645,-0.4713415179383633,0.0,0.0,1.0,1.0,0.0,0.0,0.0,0.0,0.0,1.0,0.0,1.0
0.13826748989497115,0.09556288492128309,0.5131066372447337,-1.071109063555473,-1.2681357904056623,-0.4072083733050213,0.0,0.0,1.0,0.0,0.0,1.0,0.0,0.0,0.0,1.0,0.0,1.0
-1.6575530205306297,-1.1654731222874,1.446106331199296,1.3946196491383955,0.003075511213595094,0.4278354689445402,1.0,0.0,0.0,0.0,0.0,1.0,0.0,1.0,0.0,0.0,1.0,0.0
1.4209964259132575,-0.009523449012773834,1.6879951407430716,-1.5130793045100344,1.4998243018298174,0.07810129042958285,0.0,1.0,0.0,0.0,0.0,1.0,0.0,0.0,0.0,1.0,0.0,1.0
0.22378275229619024,-0.587498285650087,1.4806618754198355,0.6269871253752096,-1.3296460146775617,0.323126748159316,0.0,0.0,1.0,0.0,0.0,1.0,0.0,0.0,1.0,0.0,1.0,0.0
-0.20379355970990523,-0.009523449012773834,0.37488446036257633,1.1387421412173349,0.6181777539325906,-0.4577817250368839,0.0,1.0,0.0,0.0,0.0,1.0,0.0,1.0,0.0,0.0,0.0,1.0
-0.7168851341172198,-0.8502141204852293,-0.6963374104741434,-0.7687083723760365,0.2286130002105601,0.2755318750751233,1.0,0.0,0.0,0.0,0.0,1.0,1.0,0.0,0.0,0.0,0.0,1.0
-1.1017038149227056,-0.3247824508149446,-1.3183372064438517,-0.2569533565339132,-1.2886391984962953,-0.6129057558298084,0.0,1.0,0.0,0.0,0.0,1.0,0.0,0.0,1.0,0.0,0.0,1.0
-0.03276303490746704,-0.16715294991385923,-1.145559485341155,-0.21043017327553723,-1.1041085256805967,-0.29560660193518995,1.0,0.0,0.0,0.0,1.0,0.0,0.0,0.0,1.0,0.0,0.0,1.0
1.1644506387096003,0.04301971795425463,-1.0073373084589976,1.7202819319470213,1.13076295619842,-0.050832968930770044,0.0,0.0,1.0,1.0,0.0,0.0,0.0,0.0,0.0,1.0,0.0,1.0
1.6775422131169149,0.25319238582236847,0.5476621814652731,-0.7221851891176615,1.2947902209234856,-0.05763223651422613,0.0,1.0,0.0,0.0,1.0,0.0,0.0,1.0,0.0,0.0,0.0,1.0
0.26654038349679976,1.5142283930310516,-0.07433761450443518,-0.07086062350041343,-1.5551835036745267,-0.7919531355274859,0.0,0.0,1.0,1.0,0.0,0.0,1.0,0.0,0.0,0.0,0.0,1.0
1.1644506387096003,-0.48241195171603,0.9968842563322846,1.3480964658800216,0.2081095921199269,0.6139843058960498,0.0,1.0,0.0,0.0,0.0,1.0,0.0,1.0,0.0,0.0,1.0,0.0
-0.5886122405153912,-0.9553004544192862,1.2733286100965995,-0.4430460895674129,-0.119944937330204,0.740903967453897,0.0,1.0,0.0,1.0,0.0,0.0,0.0,0.0,0.0,1.0,1.0,0.0
-1.2727343397251438,-0.48241195171603,-0.17800424716605323,1.4178812407675847,0.5976743458419573,-0.5917524789035005,0.0,0.0,1.0,0.0,1.0,0.0,0.0,0.0,0.0,1.0,1.0,0.0
-0.3748240845123434,-0.9553004544192862,-0.9382262200179189,-0.1406453983879743,0.06458573548549464,0.9524367367169759,0.0,1.0,0.0,0.0,1.0,0.0,0.0,0.0,1.0,0.0,1.0,0.0
0.523086170700457,0.04301971795425463,-1.0073373084589976,0.7432950835211485,-0.9400812609555312,-0.25481099643445326,0.0,0.0,1.0,0.0,0.0,1.0,1.0,0.0,0.0,0.0,1.0,0.0
0.6086014331016761,1.4616852260640232,0.9968842563322846,1.045695774700585,-0.6120267315054003,-0.7282872663369424,1.0,0.0,0.0,0.0,0.0,1.0,0.0,0.0,1.0,0.0,1.0,0.0
-1.4865224957281915,-0.7976709535182008,0.9968842563322846,0.0454473346455234,0.7206947943857565,-0.4225262634930374,0.0,0.0,1.0,0.0,1.0,0.0,1.0,0.0,0.0,0.0,1.0,0.0
0.13826748989497115,-0.9027572874522577,0.37488446036257633,1.6970203403178343,-1.247632382315029,1.1893534382916244,0.0,0.0,1.0,0.0,0.0,1.0,0.0,1.0,0.0,0.0,1.0,0.0
0.3948132770986284,0.4108218867234539,-0.558115233591986,1.5109276072843345,0.18760618402929374,-0.48598609427196104,0.0,0.0,1.0,0.0,0.0,1.0,0.0,0.0,0.0,1.0,0.0,1.0
-1.5720377581294107,-0.7451277865511723,0.09844010659826155,-0.37326131467985,1.2742868128328524,-0.5445643996063521,0.0,0.0,1.0,0.0,0.0,1.0,0.0,0.0,1.0,0.0,1.0,0.0
1.2927235323114288,1.776944227866194,1.2042175216555207,0.4408943923417119,0.6181777539325906,-0.6794865618929414,1.0,0.0,0.0,0.0,0.0,1.0,0.0,0.0,1.0,0.0,0.0,1.0
-1.743068282931849,-0.9027572874522577,-1.145559485341155,0.06870892627471241,0.4951573053887915,-0.48598609427196104,1.0,0.0,0.0,0.0,1.0,0.0,0.0,1.0,0.0,0.0,0.0,1.0
1.463754057113867,0.5684513876245393,-0.4198930567098287,-1.2572017965889728,-0.03793130496767127,-0.29560660193518995,0.0,0.0,1.0,0.0,0.0,1.0,1.0,0.0,0.0,0.0,0.0,1.0
1.6775422131169149,0.5159082206575109,-0.14344870294551387,1.045695774700585,0.8847220591108219,-0.21842572666352605,1.0,0.0,0.0,0.0,0.0,1.0,1.0,0.0,0.0,0.0,1.0,0.0
-0.11827829730868614,-0.9027572874522577,-0.005226526063356488,0.0454473346455234,0.8027084267482892,0.9608980474874991,0.0,0.0,1.0,1.0,0.0,0.0,0.0,0.0,0.0,1.0,0.0,1.0
-1.4010072333269725,-1.1129299553203715,0.0638845623777222,0.5339407588584618,1.007742507654621,0.5293711981908181,0.0,0.0,1.0,1.0,0.0,0.0,0.0,0.0,0.0,1.0,0.0,1.0
-1.7003106517312394,-1.0078436213863147,-0.48900414515090734,-1.2572017965889728,1.4793208937391842,-0.2480117288509972,0.0,1.0,0.0,1.0,0.0,0.0,0.0,1.0,0.0,0.0,0.0,1.0
-1.6575530205306297,-0.8502141204852293,-0.4198930567098287,0.8828646332962723,0.04408232739486146,-0.48598609427196104,1.0,0.0,0.0,0.0,1.0,0.0,0.0,1.0,0.0,0.0,1.0,0.0
0.6513590643022857,1.3565988921299663,0.8932176236706666,-1.3502481631057226,1.6433481584642498,-0.7015100478607585,0.0,0.0,1.0,0.0,1.0,0.0,1.0,0.0,0.0,0.0,0.0,1.0
1.5492693195150862,2.3023758975364785,0.02932901815718286,0.16175529279146228,-1.2886391984962953,-0.7273122113185723,0.0,1.0,0.0,0.0,0.0,1.0,0.0,1.0,0.0,0.0,1.0,0.0
0.8223895891047238,1.5142283930310516,0.4094400045831157,0.7432950835211485,-1.1451153418618631,-0.7035626569425566,0.0,1.0,0.0,1.0,0.0,0.0,0.0,0.0,0.0,1.0,0.0,1.0
-0.8024003965184389,0.20064921885534,-0.6617818662536041,1.1620037328465218,-1.7807209926714918,-0.7316370521258593,1.0,0.0,0.0,1.0,0.0,0.0,0.0,0.0,0.0,1.0,1.0,0.0
1.1216930075089906,-1.1654731222874,0.2712178277009583,0.16175529279146228,-1.1656187499524964,5.377702269700587,0.0,0.0,1.0,0.0,0.0,1.0,0.0,0.0,0.0,1.0,1.0,0.0
-1.2727343397251438,-0.6925846195841439,-0.48900414515090734,0.11523210953308632,0.08508914357612782,-0.40439488327048767,0.0,0.0,1.0,1.0,0.0,0.0,0.0,0.0,0.0,1.0,0.0,1.0
-0.6741275029166103,-0.42986878474900153,0.6858843583474304,-1.2339402049597847,0.4541504892075251,-0.3457064683396035,0.0,1.0,0.0,0.0,0.0,1.0,0.0,0.0,0.0,1.0,1.0,0.0
-1.3154919709257533,-1.1129299553203715,1.446106331199296,-1.0245858802970982,0.6181777539325906,0.6562908597486654,1.0,0.0,0.0,0.0,1.0,0.0,0.0,1.0,0.0,0.0,1.0,0.0
0.8223895891047238,0.7786240554926531,1.1696619774349812,-0.07086062350041343,0.6591845701138569,-0.5222488547170603,0.0,0.0,1.0,1.0,0.0,0.0,0.0,0.0,0.0,1.0,1.0,0.0
1.1216930075089906,-1.1654731222874,-1.5602260159876271,-1.140893838443036,-1.4526664632213608,5.377702269700587,1.0,0.0,0.0,1.0,0.0,0.0,0.0,1.0,0.0,0.0,1.0,0.0
1.378238794712648,-0.3773256177819731,-0.454448600930368,1.2317885077340849,0.9257288752920882,0.5230252151129258,0.0,0.0,1.0,0.0,1.0,0.0,1.0,0.0,0.0,0.0,0.0,1.0
1.5065116883144767,-0.3773256177819731,1.2733286100965995,-1.5130793045100344,-0.571019915324134,0.5801390628139569,0.0,1.0,0.0,1.0,0.0,0.0,0.0,1.0,0.0,0.0,0.0,1.0
-0.2893088221111243,0.4108218867234539,1.515217419640375,1.6970203403178343,-0.7760539962304658,-0.6600473444084374,1.0,0.0,0.0,1.0,0.0,0.0,0.0,1.0,0.0,0.0,0.0,1.0
-0.5458546093147816,-0.8502141204852293,1.2042175216555207,-1.6293872626559722,-1.7192107683995923,0.4139896876836839,0.0,0.0,1.0,0.0,1.0,0.0,0.0,0.0,0.0,1.0,1.0,0.0
1.1216930075089906,1.093883057294824,1.515217419640375,1.115480549588148,1.2947902209234856,-0.5573784038982502,0.0,1.0,0.0,0.0,0.0,1.0,0.0,0.0,1.0,0.0,1.0,0.0
0.6086014331016761,1.4616852260640232,0.09844010659826155,1.115480549588148,0.9462322833827215,-0.7282872663369424,1.0,0.0,0.0,1.0,0.0,0.0,0.0,0.0,0.0,1.0,0.0,1.0
0.993420113907162,0.5159082206575109,1.4806618754198355,-0.9780626970387232,-1.4526664632213608,-0.38307826057640915,0.0,1.0,0.0,0.0,1.0,0.0,0.0,0.0,0.0,1.0,1.0,0.0
-1.7003106517312394,-0.9027572874522577,-1.0073373084589976,0.39437120908333595,1.0692527319265206,-0.4479101958046068,1.0,0.0,0.0,0.0,1.0,0.0,0.0,0.0,1.0,0.0,1.0,0.0
0.993420113907162,-1.0078436213863147,-1.041892852679537,0.8828646332962723,1.4998243018298174,2.7504652754531476,1.0,0.0,0.0,1.0,0.0,0.0,0.0,0.0,0.0,1.0,1.0,0.0
-0.16103592850929568,-0.3247824508149446,-0.8000040431357615,1.5807123821718954,0.8642186510201887,-0.2140153909337166,1.0,0.0,0.0,0.0,0.0,1.0,0.0,0.0,0.0,1.0,1.0,0.0
1.5065116883144767,-0.2196961168808877,-1.4911149275465485,-0.04759903187122442,-0.18145516160210354,0.3417508289313914,0.0,0.0,1.0,1.0,0.0,0.0,0.0,0.0,1.0,0.0,0.0,1.0
-0.887915658919658,-0.48241195171603,-1.2146705737822336,0.7898182667795224,1.1922731804703197,-0.40137298656672943,0.0,0.0,1.0,0.0,0.0,1.0,1.0,0.0,0.0,0.0,0.0,1.0
-1.6147953893300202,-0.9027572874522577,-0.14344870294551387,1.3713580575092086,0.5361641215700579,-0.3717583988698985,0.0,1.0,0.0,1.0,0.0,0.0,0.0,1.0,0.0,0.0,1.0,0.0
1.2927235323114288,0.09556288492128309,1.0659953447733632,-1.2106786133305978,-0.18145516160210354,-0.052708628953792455,0.0,0.0,1.0,0.0,1.0,0.0,1.0,0.0,0.0,0.0,0.0,1.0
-0.4603393469135625,-0.11460978294683076,-1.1110039411206156,0.16175529279146228,1.58183793419235,-0.48598609427196104,0.0,1.0,0.0,0.0,0.0,1.0,0.0,0.0,0.0,1.0,1.0,0.0
-1.5292801269288012,-1.0078436213863147,-0.7308929546946829,0.4408943923417119,0.33113004066372603,-0.05763223651422613,1.0,0.0,0.0,0.0,1.0,0.0,0.0,0.0,0.0,1.0,1.0,0.0
0.9506624827065525,2.354919064503507,-0.9036706757973796,0.8596030416670853,-1.1041085256805967,-0.8085735673981566,1.0,0.0,0.0,0.0,1.0,0.0,0.0,0.0,0.0,1.0,0.0,1.0
0.7796319579041143,-0.2196961168808877,1.2733286100965995,-0.8617547388927863,1.3357970371047518,0.06032027504225166,0.0,0.0,1.0,1.0,0.0,0.0,0.0,0.0,0.0,1.0,1.0,0.0
0.7796319579041143,-0.7451277865511723,-1.5602260159876271,0.8828646332962723,-1.247632382315029,1.066338997089403,1.0,0.0,0.0,0.0,1.0,0.0,1.0,0.0,0.0,0.0,1.0,0.0
1.378238794712648,1.5142283930310516,0.16755119503934024,0.9293878165546483,-0.2634687939646363,-0.615172178357627,0.0,1.0,0.0,0.0,1.0,0.0,0.0,1.0,0.0,0.0,0.0,1.0
1.0361777451077716,1.9871168957343077,0.7549954467885092,0.9293878165546483,1.356300445195385,-0.749588468276721,0.0,1.0,0.0,0.0,1.0,0.0,1.0,0.0,0.0,0.0,0.0,1.0
-0.2893088221111243,-0.3247824508149446,-0.9727817642384582,0.4408943923417119,0.7617016105670228,-0.26840953160136544,0.0,0.0,1.0,0.0,0.0,1.0,0.0,1.0,0.0,0.0,0.0,1.0
-0.973430921320877,-1.060386788353343,-0.17800424716605323,-1.071109063555473,-0.42749605868970175,0.8194732817516122,1.0,0.0,0.0,1.0,0.0,0.0,0.0,0.0,0.0,1.0,1.0,0.0
0.523086170700457,0.5684513876245393,1.3769952427582175,-0.04759903187122442,-0.2634687939646363,-0.5160460141146092,0.0,0.0,1.0,0.0,1.0,0.0,0.0,1.0,0.0,0.0,0.0,1.0
-0.16103592850929568,-0.0620666159798023,1.4115507869787567,-1.047847471926286,-0.6530335476866668,-0.4127632126039721,1.0,0.0,0.0,0.0,1.0,0.0,0.0,1.0,0.0,0.0,0.0,1.0
-1.1017038149227056,-0.42986878474900153,-0.2125597913865926,1.7202819319470213,1.233279996651586,-0.5461059339572572,0.0,0.0,1.0,0.0,0.0,1.0,1.0,0.0,0.0,0.0,1.0,0.0
1.4209964259132575,1.776944227866194,-1.352892750664391,1.6272355654302713,0.7001913862951232,-0.6607607101876853,0.0,0.0,1.0,0.0,1.0,0.0,0.0,1.0,0.0,0.0,0.0,1.0
-1.3154919709257533,-0.7451277865511723,0.7204399025679699,-0.1639069900171633,0.29012322448245964,-0.3688294836031789,0.0,1.0,0.0,1.0,0.0,0.0,0.0,0.0,0.0,1.0,0.0,1.0
-0.6313698717160007,-0.2722392838479162,1.5843285080814535,-1.7224336291727222,0.023578919304228275,-0.45137164111982087,1.0,0.0,0.0,0.0,1.0,0.0,0.0,0.0,1.0,0.0,1.0,0.0
0.5658438019010666,-0.3773256177819731,0.5822177256858124,0.2548016593082122,-1.3706528308588282,0.16130417967306068,1.0,0.0,0.0,0.0,0.0,1.0,0.0,0.0,0.0,1.0,1.0,0.0
0.8651472203053334,-1.0078436213863147,0.9277731678912059,1.2783116909924588,0.8642186510201887,2.607680656200569,1.0,0.0,0.0,0.0,0.0,1.0,1.0,0.0,0.0,0.0,0.0,1.0
-0.973430921320877,-0.2722392838479162,0.30577337192149767,-1.5130793045100344,0.105592551666761,-0.5898294537283816,0.0,0.0,1.0,1.0,0.0,0.0,0.0,0.0,1.0,0.0,0.0,1.0
-1.2299767085245343,-0.7976709535182008,0.6167732699063517,-1.3269865714765348,-0.8990744447742649,-0.23214677115626633,0.0,0.0,1.0,0.0,0.0,1.0,0.0,0.0,1.0,0.0,1.0,0.0
-0.16103592850929568,-0.587498285650087,-1.7675592813108632,-0.6989235974884735,-0.03793130496767127,0.10894981928044856,0.0,0.0,1.0,0.0,1.0,0.0,1.0,0.0,0.0,0.0,1.0,0.0
0.6086014331016761,0.04301971795425463,-1.5602260159876271,-0.5360924560841628,1.4793208937391842,-0.22761392610062894,0.0,0.0,1.0,1.0,0.0,0.0,0.0,1.0,0.0,0.0,0.0,1.0
0.05275222749375205,0.9362535563937385,1.23877306587606,1.1387421412173349,-1.6166937279464262,-0.7229027958466095,1.0,0.0,0.0,0.0,1.0,0.0,1.0,0.0,0.0,0.0,0.0,1.0
0.5658438019010666,0.3582787197564254,-1.145559485341155,0.9526494081838353,0.8437152429295556,-0.4187933322707478,1.0,0.0,0.0,0.0,1.0,0.0,0.0,0.0,1.0,0.0,0.0,1.0
0.6513590643022857,0.3582787197564254,-1.4220038391054697,1.5574507905427084,0.08508914357612782,-0.3963957449370099,0.0,1.0,0.0,0.0,0.0,1.0,0.0,0.0,1.0,0.0,1.0,0.0
-1.6147953893300202,-1.060386788353343,1.618884052301993,0.23154006767902316,-0.4685028748709681,0.003561171736878811,1.0,0.0,0.0,1.0,0.0,0.0,0.0,0.0,1.0,0.0,1.0,0.0
0.35205564589801885,-0.7976709535182008,-0.3162264240482106,0.2082784760498362,1.212776588560953,0.941860098253822,0.0,1.0,0.0,0.0,1.0,0.0,1.0,0.0,0.0,0.0,0.0,1.0
-1.6575530205306297,-1.060386788353343,0.7549954467885092,1.5341891989135215,-0.5300130991428676,-0.050832968930770044,0.0,1.0,0.0,1.0,0.0,0.0,0.0,0.0,1.0,0.0,0.0,1.0
1.5065116883144767,0.8311672224596816,1.5843285080814535,-1.3269865714765348,-0.16095175351147037,-0.3974374931850908,1.0,0.0,0.0,0.0,0.0,1.0,0.0,0.0,1.0,0.0,0.0,1.0
-1.6575530205306297,-1.060386788353343,-1.2146705737822336,-0.34999972305066307,0.9872390995639878,-0.050832968930770044,0.0,1.0,0.0,0.0,0.0,1.0,0.0,0.0,0.0,1.0,1.0,0.0
0.6513590643022857,-1.060386788353343,0.8586620794501272,0.23154006767902316,-0.5505165072335009,2.8864506271222696,0.0,0.0,1.0,1.0,0.0,0.0,0.0,0.0,1.0,0.0,1.0,0.0
-0.33206645331173384,0.04301971795425463,-1.5602260159876271,-1.3502481631057226,1.6228447503736165,-0.5267816997726977,0.0,0.0,1.0,1.0,0.0,0.0,0.0,1.0,0.0,0.0,1.0,0.0
0.7796319579041143,-0.2722392838479162,0.0638845623777222,-0.6756620058592866,0.556667529660691,0.11976683589049233,1.0,0.0,0.0,0.0,0.0,1.0,0.0,1.0,0.0,0.0,0.0,1.0
-1.0161885525214867,-0.587498285650087,-1.4911149275465485,0.5804639421168357,-1.0836051175899635,-0.3669989115614791,0.0,1.0,0.0,1.0,0.0,0.0,0.0,1.0,0.0,0.0,1.0,0.0
-0.5030969781141721,0.04301971795425463,0.340328916142037,-0.8152315556344114,1.4998243018298174,-0.5811758404403465,0.0,0.0,1.0,0.0,0.0,1.0,0.0,1.0,0.0,0.0,0.0,1.0
-1.743068282931849,-1.0078436213863147,-0.454448600930368,1.3248348742508347,1.1512663642890533,-0.29560660193518995,0.0,1.0,0.0,0.0,0.0,1.0,0.0,0.0,0.0,1.0,0.0,1.0
-0.9306732901202674,-0.3773256177819731,0.6858843583474304,-0.32673813142147407,0.24911640830119328,-0.5050240435056381,1.0,0.0,0.0,1.0,0.0,0.0,0.0,0.0,1.0,0.0,1.0,0.0
0.6513590643022857,0.8837103894267101,-1.0764483969000762,-1.6061256710267844,0.12609595975739418,-0.5898294537283816,0.0,1.0,0.0,1.0,0.0,0.0,1.0,0.0,0.0,0.0,0.0,1.0
-0.9306732901202674,-0.3773256177819731,1.5843285080814535,-0.0010758486128505111,0.4541504892075251,-0.5050240435056381,1.0,0.0,0.0,0.0,0.0,1.0,0.0,0.0,1.0,0.0,1.0,0.0
0.7796319579041143,2.092203229668365,0.16755119503934024,-0.5593540477133497,1.0692527319265206,-0.7985494398994956,1.0,0.0,0.0,1.0,0.0,0.0,0.0,1.0,0.0,0.0,0.0,1.0
0.009994596293142505,0.5684513876245393,1.515217419640375,-1.7456952208019092,1.3357970371047518,-0.6362856934852014,0.0,0.0,1.0,0.0,0.0,1.0,0.0,0.0,0.0,1.0,1.0,0.0
-1.1017038149227056,-0.48241195171603,-0.8345595873563009,-1.0013242886679112,1.212776588560953,-0.5071393711982689,0.0,0.0,1.0,1.0,0.0,0.0,0.0,0.0,1.0,0.0,1.0,0.0
-0.24655119091051478,-0.3247824508149446,-0.07433761450443518,0.7898182667795224,0.24911640830119328,-0.25027815137881587,1.0,0.0,0.0,0.0,0.0,1.0,0.0,0.0,1.0,0.0,1.0,0.0
0.6941166955028952,0.9362535563937385,1.2733286100965995,-0.21043017327553723,1.0692527319265206,-0.5959831342887622,0.0,1.0,0.0,0.0,0.0,1.0,0.0,0.0,1.0,0.0,1.0,0.0
0.6086014331016761,1.8820305618002509,-0.3162264240482106,0.6967719002627726,0.8027084267482892,-0.7942195580553048,0.0,0.0,1.0,1.0,0.0,0.0,0.0,1.0,0.0,0.0,0.0,1.0
1.5492693195150862,0.9362535563937385,1.342439698537678,-1.2572017965889728,1.0692527319265206,-0.426756918878299,0.0,0.0,1.0,0.0,0.0,1.0,0.0,0.0,1.0,0.0,0.0,1.0
-0.5886122405153912,-0.2722392838479162,-1.3874482948849305,1.2783116909924588,0.41314367302625876,-0.4340644145437508,1.0,0.0,0.0,0.0,0.0,1.0,1.0,0.0,0.0,0.0,0.0,1.0
-0.5458546093147816,0.5684513876245393,0.44399554880365505,1.6737587486886452,1.0897561400171538,-0.7665453461366764,0.0,1.0,0.0,0.0,0.0,1.0,0.0,0.0,0.0,1.0,0.0,1.0
-1.358249602126363,-1.0078436213863147,0.9623287121117453,0.02218574301633644,0.7001913862951232,0.13274725582254496,1.0,0.0,0.0,0.0,0.0,1.0,0.0,0.0,1.0,0.0,0.0,1.0
1.378238794712648,2.039660062701336,-1.0073373084589976,-0.7919699640052235,1.6638515665548828,-0.7109800397608723,0.0,1.0,0.0,0.0,0.0,1.0,0.0,0.0,0.0,1.0,1.0,0.0
-0.2893088221111243,-1.1129299553203715,-0.10889315872497453,0.02218574301633644,1.13076295619842,2.179326798442834,0.0,1.0,0.0,1.0,0.0,0.0,0.0,0.0,1.0,0.0,1.0,0.0
1.5920269507156957,1.671857893932137,0.1329956508188009,0.8130798584087093,0.023578919304228275,-0.6150569365341787,0.0,0.0,1.0,0.0,1.0,0.0,0.0,0.0,1.0,0.0,1.0,0.0
1.2499659011108193,2.3023758975364785,1.2733286100965995,-0.9548011054095362,1.3973072613766515,-0.7648518295258229,0.0,1.0,0.0,1.0,0.0,0.0,0.0,0.0,1.0,0.0,1.0,0.0
0.7368743267035048,-0.2722392838479162,0.7895509910090485,-1.117632246813848,1.0282459157452541,0.10245960931442226,1.0,0.0,0.0,0.0,1.0,0.0,1.0,0.0,0.0,0.0,1.0,0.0
0.1810251210955807,-0.587498285650087,1.0659953447733632,-1.4665561212516596,0.9667356914733547,0.29932931161721965,0.0,1.0,0.0,0.0,0.0,1.0,0.0,1.0,0.0,0.0,0.0,1.0
1.5492693195150862,-0.3247824508149446,-0.28167087982767125,-1.071109063555473,0.14659936784802738,0.5112398179682682,0.0,0.0,1.0,0.0,1.0,0.0,1.0,0.0,0.0,0.0,0.0,1.0
-1.5720377581294107,-0.9027572874522577,0.9623287121117453,0.11523210953308632,-1.5346800955838935,-0.3336825004025442,0.0,1.0,0.0,0.0,1.0,0.0,0.0,0.0,0.0,1.0,1.0,0.0
-1.443764864527582,-0.6400414526171154,-1.3874482948849305,-1.117632246813848,0.24911640830119328,-0.5621378912066695,0.0,0.0,1.0,1.0,0.0,0.0,0.0,1.0,0.0,0.0,1.0,0.0
-1.1444614461233151,-0.9553004544192862,0.4785510930241944,1.022434183071398,0.16710277593866055,0.19091876736989163,0.0,0.0,1.0,0.0,0.0,1.0,1.0,0.0,0.0,0.0,0.0,1.0
0.3948132770986284,0.5684513876245393,1.6534395965225321,-0.1406453983879743,-0.4685028748709681,-0.5461059339572572,0.0,0.0,1.0,0.0,0.0,1.0,0.0,0.0,1.0,0.0,1.0,0.0
-0.887915658919658,-0.3773256177819731,-1.3874482948849305,0.34784802582496205,-0.3249790182365358,-0.48598609427196104,1.0,0.0,0.0,0.0,1.0,0.0,1.0,0.0,0.0,0.0,1.0,0.0
-1.7003106517312394,-0.9553004544192862,1.3769952427582175,1.3248348742508347,-1.0631017094993305,-0.3590664327141136,0.0,0.0,1.0,1.0,0.0,0.0,0.0,0.0,1.0,0.0,1.0,0.0
-0.973430921320877,-0.5349551186830585,1.4115507869787567,0.371109617454149,0.8027084267482892,-0.3963957449370099,0.0,0.0,1.0,0.0,0.0,1.0,1.0,0.0,0.0,0.0,0.0,1.0
1.2499659011108193,1.6193147269651085,-1.733003737090324,1.045695774700585,-1.5961903198557932,-0.6566711563669971,0.0,0.0,1.0,1.0,0.0,0.0,1.0,0.0,0.0,0.0,0.0,1.0
-1.2299767085245343,-1.060386788353343,0.9623287121117453,-0.4663076811965999,-0.3249790182365358,0.49310843774571866,0.0,0.0,1.0,0.0,1.0,0.0,0.0,0.0,1.0,0.0,1.0,0.0
0.523086170700457,-0.2722392838479162,-0.8691151315768402,1.7202819319470213,-1.350149422768195,0.015923476434071847,0.0,1.0,0.0,0.0,1.0,0.0,0.0,0.0,0.0,1.0,1.0,0.0
1.5920269507156957,0.8311672224596816,0.37488446036257633,1.6970203403178343,0.6386811620232238,-0.3797277729677167,0.0,1.0,0.0,1.0,0.0,0.0,0.0,0.0,1.0,0.0,1.0,0.0
0.05275222749375205,-1.1654731222874,-0.005226526063356488,0.34784802582496205,1.2537834047422192,3.4739073463328776,1.0,0.0,0.0,0.0,0.0,1.0,1.0,0.0,0.0,0.0,1.0,0.0
1.4209964259132575,0.09556288492128309,0.5476621814652731,-1.5363408961392224,-0.05843471305830445,-0.013319768470322587,0.0,0.0,1.0,0.0,1.0,0.0,0.0,1.0,0.0,0.0,0.0,1.0
-0.9306732901202674,-0.9553004544192862,-0.4198930567098287,0.9061262249254592,-1.0425983014086972,0.4024515366329705,0.0,0.0,1.0,1.0,0.0,0.0,1.0,0.0,0.0,0.0,0.0,1.0
0.5658438019010666,0.5684513876245393,1.515217419640375,1.7435435235762082,1.3973072613766515,-0.5060260408337264,0.0,0.0,1.0,0.0,1.0,0.0,0.0,1.0,0.0,0.0,1.0,0.0
0.3092980146974093,-0.8502141204852293,1.3078841543171387,-1.3735097547349095,-0.119944937330204,1.106278750726488,1.0,0.0,0.0,0.0,0.0,1.0,0.0,1.0,0.0,0.0,1.0,0.0
-0.887915658919658,0.09556288492128309,-1.5602260159876271,1.6039739738010843,-0.571019915324134,-0.7223192571727802,0.0,1.0,0.0,0.0,0.0,1.0,0.0,0.0,0.0,1.0,0.0,1.0
-1.1017038149227056,-0.7451277865511723,0.9968842563322846,-1.047847471926286,-0.119944937330204,-0.22238372026720102,1.0,0.0,0.0,0.0,0.0,1.0,1.0,0.0,0.0,0.0,1.0,0.0
1.5492693195150862,2.5125485654045923,0.8586620794501272,1.045695774700585,1.212776588560953,-0.7550557767745976,0.0,0.0,1.0,0.0,0.0,1.0,0.0,0.0,0.0,1.0,1.0,0.0
0.05275222749375205,-1.0078436213863147,-1.3183372064438517,-0.11738380675878735,-0.6940403638679331,1.7033780676009065,0.0,0.0,1.0,0.0,0.0,1.0,0.0,0.0,0.0,1.0,0.0,1.0
-0.3748240845123434,0.46336505369048236,-1.733003737090324,0.6269871253752096,-1.2886391984962953,-0.69751886353504,1.0,0.0,0.0,0.0,0.0,1.0,0.0,0.0,1.0,0.0,0.0,1.0
-0.2893088221111243,-1.060386788353343,1.3769952427582175,-1.164155430072223,-0.03793130496767127,1.689779532433994,0.0,0.0,1.0,0.0,1.0,0.0,0.0,0.0,0.0,1.0,1.0,0.0
1.4209964259132575,1.56677155999808,-1.3183372064438517,-0.4895692728257868,-0.796557404321099,-0.6195857380170635,0.0,1.0,0.0,0.0,1.0,0.0,1.0,0.0,0.0,0.0,1.0,0.0
-0.6313698717160007,-1.0078436213863147,-0.6617818662536041,1.3015732826216457,0.2696198163918265,0.941860098253822,0.0,0.0,1.0,0.0,0.0,1.0,1.0,0.0,0.0,0.0,1.0,0.0
-1.0161885525214867,-0.9553004544192862,0.7549954467885092,1.2783116909924588,0.5156607134794247,0.3178384289277389,0.0,1.0,0.0,0.0,0.0,1.0,0.0,0.0,1.0,0.0,1.0,0.0
0.1810251210955807,0.46336505369048236,-1.0764483969000762,0.32458643419577304,-0.2429653858740031,-0.5600225635140387,0.0,1.0,0.0,0.0,0.0,1.0,0.0,0.0,0.0,1.0,0.0,1.0
-1.5292801269288012,-0.6400414526171154,1.2733286100965995,0.9991725914422092,-1.3911562389494614,-0.6129057558298084,0.0,1.0,0.0,0.0,1.0,0.0,1.0,0.0,0.0,0.0,0.0,1.0
1.1644506387096003,1.8294873948332224,0.37488446036257633,1.3248348742508347,1.2947902209234856,-0.7070719563404694,0.0,0.0,1.0,0.0,1.0,0.0,1.0,0.0,0.0,0.0,1.0,0.0
-1.1872190773239248,-0.3773256177819731,1.5843285080814535,-0.28021494816310016,1.4383140775579177,-0.6192517389077008,0.0,1.0,0.0,0.0,1.0,0.0,0.0,0.0,1.0,0.0,0.0,1.0
-0.5886122405153912,0.3582787197564254,-1.2146705737822336,0.3013248425665861,-1.0836051175899635,-0.7211607612762077,1.0,0.0,0.0,1.0,0.0,0.0,0.0,1.0,0.0,0.0,0.0,1.0
1.5065116883144767,-0.7976709535182008,-1.249226118002773,1.6737587486886452,-0.18145516160210354,1.798567813769292,0.0,1.0,0.0,1.0,0.0,0.0,0.0,0.0,0.0,1.0,1.0,0.0
-0.8024003965184389,-0.3773256177819731,1.2733286100965995,0.9061262249254592,-1.4321630551307276,-0.4479101958046068,0.0,0.0,1.0,0.0,0.0,1.0,0.0,0.0,0.0,1.0,0.0,1.0
1.1216930075089906,1.9345737287672793,0.6167732699063517,0.6967719002627726,-0.6940403638679331,-0.729909818828449,1.0,0.0,0.0,0.0,0.0,1.0,0.0,1.0,0.0,0.0,0.0,1.0
0.8223895891047238,1.093883057294824,-1.3183372064438517,0.4408943923417119,-1.3091426065869285,-0.6129057558298084,0.0,1.0,0.0,0.0,1.0,0.0,0.0,0.0,0.0,1.0,1.0,0.0
0.1810251210955807,1.093883057294824,-1.352892750664391,0.27806325093739914,0.8437152429295556,-0.7318929385402904,1.0,0.0,0.0,0.0,0.0,1.0,1.0,0.0,0.0,0.0,0.0,1.0
0.993420113907162,1.8294873948332224,0.02932901815718286,0.8363414500378984,-1.4321630551307276,-0.7316370521258593,0.0,0.0,1.0,0.0,0.0,1.0,1.0,0.0,0.0,0.0,1.0,0.0
-1.4010072333269725,-1.1654731222874,0.6167732699063517,0.5572023504876488,0.6796879782044901,0.8847462505527905,1.0,0.0,0.0,0.0,1.0,0.0,0.0,0.0,1.0,0.0,0.0,1.0
1.1644506387096003,1.093883057294824,0.02932901815718286,0.6269871253752096,-0.14044834542083717,-0.5494459250508847,0.0,0.0,1.0,1.0,0.0,0.0,0.0,0.0,0.0,1.0,1.0,0.0
1.463754057113867,1.1464262242618524,1.4115507869787567,0.0454473346455234,0.003075511213595094,-0.5092978688438106,1.0,0.0,0.0,0.0,1.0,0.0,0.0,0.0,0.0,1.0,0.0,1.0
0.7796319579041143,1.9345737287672793,1.3769952427582175,0.7432950835211485,1.3357970371047518,-0.7775046919126417,1.0,0.0,0.0,0.0,1.0,0.0,0.0,0.0,0.0,1.0,1.0,0.0
1.0361777451077716,-0.42986878474900153,-1.1801150295616942,-1.3037249798473478,1.3357970371047518,0.4558913941310117,1.0,0.0,0.0,1.0,0.0,0.0,0.0,0.0,1.0,0.0,1.0,0.0
0.0955098586943616,-0.7451277865511723,0.7895509910090485,1.6272355654302713,0.06458573548549464,0.5977125544142742,1.0,0.0,0.0,0.0,1.0,0.0,1.0,0.0,0.0,0.0,0.0,1.0
1.4209964259132575,1.671857893932137,1.135106433214442,0.3013248425665861,1.5613345261017169,-0.6408711049866223,0.0,1.0,0.0,0.0,1.0,0.0,0.0,0.0,1.0,0.0,0.0,1.0
-1.0589461837220961,-0.48241195171603,1.2733286100965995,-1.2106786133305978,-0.14044834542083717,-0.48598609427196104,0.0,0.0,1.0,0.0,0.0,1.0,0.0,0.0,0.0,1.0,0.0,1.0
1.2499659011108193,-0.9027572874522577,0.2712178277009583,0.4408943923417119,0.9872390995639878,2.179326798442834,1.0,0.0,0.0,0.0,0.0,1.0,0.0,0.0,1.0,0.0,0.0,1.0
-0.07552066610807659,0.09556288492128309,1.342439698537678,0.11523210953308632,0.9462322833827215,-0.4728564741108045,0.0,0.0,1.0,0.0,1.0,0.0,0.0,0.0,0.0,1.0,1.0,0.0
-0.4603393469135625,0.6209945545915677,1.4806618754198355,-1.0245858802970982,0.8232118348389224,-0.7593515191657861,0.0,1.0,0.0,0.0,1.0,0.0,0.0,1.0,0.0,0.0,0.0,1.0
0.22378275229619024,-0.6400414526171154,1.2733286100965995,-0.0941222151296004,-0.6940403638679331,0.4278354689445402,0.0,0.0,1.0,0.0,0.0,1.0,0.0,1.0,0.0,0.0,0.0,1.0
1.1644506387096003,-1.1654731222874,1.3078841543171387,-1.5363408961392224,-1.473169871311994,5.453854066635297,0.0,0.0,1.0,0.0,0.0,1.0,0.0,0.0,0.0,1.0,1.0,0.0
-0.3748240845123434,-0.587498285650087,0.4094400045831157,-0.28021494816310016,-1.022094893318064,-0.01003736343003336,0.0,0.0,1.0,0.0,0.0,1.0,0.0,0.0,1.0,0.0,1.0,0.0
-1.743068282931849,-0.9027572874522577,0.6513288141268911,1.5574507905427084,-0.6940403638679331,-0.48598609427196104,1.0,0.0,0.0,0.0,0.0,1.0,0.0,1.0,0.0,0.0,1.0,0.0
-1.2299767085245343,-0.7451277865511723,0.8241065352295879,0.7200334918919595,0.24911640830119328,-0.3102511782687877,0.0,0.0,1.0,0.0,1.0,0.0,0.0,1.0,0.0,0.0,0.0,1.0
-1.3154919709257533,-1.060386788353343,0.2021067392598796,0.0454473346455234,-0.6120267315054003,0.38432015641042094,1.0,0.0,0.0,1.0,0.0,0.0,0.0,0.0,1.0,0.0,0.0,1.0
1.378238794712648,0.46336505369048236,0.30577337192149767,0.8828646332962723,0.24911640830119328,-0.26387668654572805,0.0,0.0,1.0,1.0,0.0,0.0,1.0,0.0,0.0,0.0,1.0,0.0
-0.4603393469135625,-0.009523449012773834,1.6879951407430716,-0.07086062350041343,1.5203277099204506,-0.5423948327421154,0.0,1.0,0.0,1.0,0.0,0.0,0.0,0.0,1.0,0.0,0.0,1.0
-0.20379355970990523,0.4108218867234539,-0.6272263220330647,-0.6524004142300986,-1.0631017094993305,-0.6382896881413779,1.0,0.0,0.0,0.0,0.0,1.0,0.0,0.0,1.0,0.0,1.0,0.0
0.8223895891047238,-1.1129299553203715,-0.28167087982767125,1.3015732826216457,-1.5346800955838935,3.8292823986948505,1.0,0.0,0.0,0.0,0.0,1.0,0.0,0.0,0.0,1.0,1.0,0.0
-1.6147953893300202,-1.1654731222874,1.4115507869787567,-1.2572017965889728,0.12609595975739418,0.5039872658792484,0.0,0.0,1.0,1.0,0.0,0.0,0.0,0.0,0.0,1.0,1.0,0.0
-0.5458546093147816,-0.7976709535182008,-0.005226526063356488,0.8828646332962723,-1.3706528308588282,0.2755318750751233,0.0,0.0,1.0,0.0,0.0,1.0,0.0,0.0,0.0,1.0,0.0,1.0
-1.443764864527582,-1.1129299553203715,1.4115507869787567,-1.2106786133305978,0.5361641215700579,0.4659113674118943,0.0,0.0,1.0,0.0,0.0,1.0,0.0,0.0,0.0,1.0,0.0,1.0
1.378238794712648,2.4074622314705354,0.9277731678912059,-1.0245858802970982,0.14659936784802738,-0.7624275488979575,1.0,0.0,0.0,0.0,1.0,0.0,0.0,0.0,0.0,1.0,0.0,1.0
-0.2893088221111243,0.04301971795425463,0.7549954467885092,-1.6061256710267844,-0.9810880771367977,-0.5131831646057855,0.0,1.0,0.0,0.0,1.0,0.0,0.0,0.0,1.0,0.0,0.0,1.0
0.993420113907162,0.09556288492128309,1.4115507869787567,0.6967719002627726,-0.09944152923957082,-0.14461597008188876,0.0,0.0,1.0,0.0,1.0,0.0,0.0,0.0,1.0,0.0,0.0,1.0
-1.0589461837220961,-0.11460978294683076,-0.8691151315768402,-1.5828640793975974,0.47465389729815827,-0.6992111256891447,1.0,0.0,0.0,0.0,1.0,0.0,1.0,0.0,0.0,0.0,1.0,0.0
-1.7003106517312394,-0.8502141204852293,-0.17800424716605323,-0.9548011054095362,0.08508914357612782,-0.5206005474241012,0.0,0.0,1.0,1.0,0.0,0.0,0.0,0.0,1.0,0.0,1.0,0.0
0.009994596293142505,-0.9553004544192862,0.7895509910090485,-0.6291388226009117,-1.3706528308588282,1.3331957213905181,0.0,0.0,1.0,1.0,0.0,0.0,0.0,1.0,0.0,0.0,0.0,1.0
-0.2893088221111243,0.4108218867234539,0.5131066372447337,0.34784802582496205,-0.4479994667803349,-0.6600473444084374,0.0,1.0,0.0,0.0,0.0,1.0,0.0,0.0,0.0,1.0,1.0,0.0
-0.6741275029166103,-0.5349551186830585,-1.4220038391054697,1.5807123821718954,1.007742507654621,-0.23961263360084556,1.0,0.0,0.0,1.0,0.0,0.0,0.0,0.0,0.0,1.0,0.0,1.0
0.6513590643022857,-0.2196961168808877,0.0638845623777222,-0.7221851891176615,0.37213685684499237,0.01065605965005046,0.0,0.0,1.0,0.0,0.0,1.0,0.0,1.0,0.0,0.0,1.0,0.0
0.43757090829923795,0.7260808885256247,-0.6963374104741434,-1.0245858802970982,0.8437152429295556,-0.5881409438185211,0.0,0.0,1.0,1.0,0.0,0.0,1.0,0.0,0.0,0.0,0.0,1.0
-0.9306732901202674,-0.6400414526171154,0.0638845623777222,0.8130798584087093,-1.247632382315029,-0.25753070346783574,0.0,1.0,0.0,0.0,1.0,0.0,0.0,1.0,0.0,0.0,0.0,1.0
0.0955098586943616,0.988796723360767,-0.5235596893714467,0.7898182667795224,-1.6577005441276926,-0.7260298020009333,0.0,0.0,1.0,0.0,0.0,1.0,0.0,0.0,1.0,0.0,1.0,0.0
0.35205564589801885,-0.2722392838479162,-0.9036706757973796,0.371109617454149,-0.5095096910522344,-0.05330542987020865,1.0,0.0,0.0,0.0,0.0,1.0,0.0,0.0,0.0,1.0,0.0,1.0
1.6347845819163052,3.2481529029429907,0.4094400045831157,1.3713580575092086,-1.698707360308959,-0.8239631705552175,0.0,0.0,1.0,0.0,0.0,1.0,1.0,0.0,0.0,0.0,1.0,0.0
-1.743068282931849,-1.060386788353343,0.1329956508188009,0.4176328007125229,1.1102595481077868,-0.15962125026606774,0.0,0.0,1.0,0.0,0.0,1.0,0.0,0.0,0.0,1.0,1.0,0.0
-0.41758171571295294,-0.16715294991385923,-0.9036706757973796,0.9991725914422092,-1.698707360308959,-0.4383912211877683,1.0,0.0,0.0,1.0,0.0,0.0,1.0,0.0,0.0,0.0,0.0,1.0
-0.8451580277190484,-0.6925846195841439,0.2712178277009583,1.092218957958959,-1.022094893318064,-0.1324241799322434,0.0,1.0,0.0,0.0,0.0,1.0,0.0,0.0,1.0,0.0,0.0,1.0
-0.3748240845123434,-0.2196961168808877,-0.35078196826874997,-0.04759903187122442,0.7206947943857565,-0.3866576634875588,0.0,0.0,1.0,0.0,1.0,0.0,0.0,1.0,0.0,0.0,1.0,0.0
-0.11827829730868614,0.6209945545915677,0.7204399025679699,-0.4430460895674129,-1.1451153418618631,-0.6812471120532647,0.0,1.0,0.0,0.0,0.0,1.0,0.0,1.0,0.0,0.0,1.0,0.0
-0.20379355970990523,0.5159082206575109,-0.8345595873563009,-0.3034765397922871,-0.6325301395960335,-0.6712201949239545,0.0,0.0,1.0,0.0,0.0,1.0,1.0,0.0,0.0,0.0,0.0,1.0
0.9506624827065525,0.4108218867234539,-1.6638926486492451,0.16175529279146228,0.3516334487543592,-0.34456132853607396,1.0,0.0,0.0,1.0,0.0,0.0,0.0,0.0,0.0,1.0,0.0,1.0
1.1644506387096003,-0.587498285650087,-0.8691151315768402,-0.1639069900171633,-1.3706528308588282,0.8466703520854365,0.0,1.0,0.0,1.0,0.0,0.0,0.0,0.0,1.0,0.0,1.0,0.0
-0.8024003965184389,-0.2722392838479162,0.5476621814652731,-1.0245858802970982,-0.345482426327169,-0.5206005474241012,1.0,0.0,0.0,0.0,0.0,1.0,1.0,0.0,0.0,0.0,0.0,1.0
-1.743068282931849,-0.9553004544192862,0.8932176236706666,-0.7919699640052235,-0.20195856969273673,-0.40137298656672943,0.0,0.0,1.0,0.0,0.0,1.0,0.0,1.0,0.0,0.0,1.0,0.0
0.3092980146974093,0.25319238582236847,-0.5926707778125254,-1.5596024877684094,-0.4479994667803349,-0.4383912211877683,0.0,1.0,0.0,0.0,1.0,0.0,0.0,0.0,1.0,0.0,1.0,0.0
-0.6313698717160007,-1.0078436213863147,-0.4198930567098287,-0.6524004142300986,0.4951573053887915,0.941860098253822,1.0,0.0,0.0,1.0,0.0,0.0,0.0,1.0,0.0,0.0,0.0,1.0
-1.3154919709257533,-0.7451277865511723,0.0638845623777222,-1.3269865714765348,0.5156607134794247,-0.3688294836031789,0.0,0.0,1.0,1.0,0.0,0.0,0.0,0.0,0.0,1.0,0.0,1.0
0.993420113907162,-0.3247824508149446,1.2733286100965995,-1.7456952208019092,0.9667356914733547,0.2755318750751233,1.0,0.0,0.0,1.0,0.0,0.0,1.0,0.0,0.0,0.0,1.0,0.0
1.078935376308381,2.565091732371621,1.135106433214442,1.7202819319470213,1.0282459157452541,-0.8166452125410899,0.0,1.0,0.0,0.0,1.0,0.0,0.0,0.0,0.0,1.0,1.0,0.0
1.4209964259132575,1.9345737287672793,0.37488446036257633,1.4411428323967717,1.3768038532860183,-0.6882643048797803,0.0,0.0,1.0,0.0,1.0,0.0,0.0,0.0,0.0,1.0,1.0,0.0
-0.5458546093147816,0.5684513876245393,-0.3853375124892893,-1.2804633882181597,-0.38648924250843536,-0.7665453461366764,1.0,0.0,0.0,1.0,0.0,0.0,0.0,1.0,0.0,0.0,0.0,1.0
-0.5030969781141721,-0.6925846195841439,0.1329956508188009,0.4176328007125229,0.6591845701138569,0.08515238273835218,0.0,1.0,0.0,0.0,0.0,1.0,0.0,0.0,1.0,0.0,0.0,1.0
1.6347845819163052,-1.1129299553203715,-0.07433761450443518,0.16175529279146228,0.29012322448245964,5.0350191834944,0.0,1.0,0.0,1.0,0.0,0.0,1.0,0.0,0.0,0.0,1.0,0.0
0.6941166955028952,1.8820305618002509,0.7204399025679699,0.7200334918919595,0.29012322448245964,-0.7821319712402716,0.0,1.0,0.0,1.0,0.0,0.0,0.0,0.0,1.0,0.0,1.0,0.0
1.6347845819163052,-0.9553004544192862,-0.6272263220330647,1.6970203403178343,0.2286130002105601,2.9408447677899185,1.0,0.0,0.0,0.0,0.0,1.0,1.0,0.0,0.0,0.0,1.0,0.0
-0.33206645331173384,0.6735377215585961,-1.3183372064438517,-1.071109063555473,0.39264026493562554,-0.742998408926602,0.0,0.0,1.0,0.0,1.0,0.0,0.0,0.0,0.0,1.0,1.0,0.0
1.1644506387096003,1.4616852260640232,0.16755119503934024,-0.5826156393425367,-1.4936732794026273,-0.6382896881413779,1.0,0.0,0.0,0.0,1.0,0.0,0.0,0.0,0.0,1.0,0.0,1.0
-1.0589461837220961,-0.16715294991385923,1.2733286100965995,-0.07086062350041343,-0.3249790182365358,-0.6763655866087321,0.0,1.0,0.0,0.0,0.0,1.0,0.0,0.0,0.0,1.0,0.0,1.0
-1.1872190773239248,-1.0078436213863147,0.7895509910090485,0.6269871253752096,-0.8785710366836318,0.323126748159316,0.0,1.0,0.0,0.0,1.0,0.0,0.0,0.0,1.0,0.0,0.0,1.0
0.22378275229619024,-0.6400414526171154,0.37488446036257633,0.7898182667795224,1.2742868128328524,0.4278354689445402,0.0,1.0,0.0,1.0,0.0,0.0,0.0,0.0,0.0,1.0,1.0,0.0
0.43757090829923795,-1.060386788353343,-0.6963374104741434,1.3480964658800216,-0.796557404321099,2.614479923784025,0.0,0.0,1.0,1.0,0.0,0.0,0.0,0.0,1.0,0.0,0.0,1.0
1.3354811635120385,-0.6925846195841439,0.2021067392598796,-1.2106786133305978,0.7001913862951232,1.254626407092803,0.0,0.0,1.0,0.0,0.0,1.0,0.0,0.0,1.0,0.0,0.0,1.0
1.078935376308381,1.093883057294824,-0.48900414515090734,-0.23369176490472418,-0.30447561014590263,-0.5653108827456156,0.0,0.0,1.0,0.0,0.0,1.0,0.0,0.0,0.0,1.0,1.0,0.0
0.993420113907162,1.9345737287672793,-0.5926707778125254,-0.28021494816310016,0.003075511213595094,-0.7477578962350213,0.0,0.0,1.0,0.0,1.0,0.0,0.0,1.0,0.0,0.0,0.0,1.0
0.0955098586943616,0.20064921885534,-1.6984481928697845,-1.0245858802970982,1.2537834047422192,-0.47370354637926615,0.0,1.0,0.0,0.0,0.0,1.0,0.0,1.0,0.0,0.0,0.0,1.0
-0.5886122405153912,0.3582787197564254,1.23877306587606,-1.6759104459143472,1.458817485648551,-0.7211607612762077,1.0,0.0,0.0,0.0,0.0,1.0,0.0,0.0,1.0,0.0,0.0,1.0
1.078935376308381,0.7260808885256247,1.5497729638609141,0.5804639421168357,-0.6325301395960335,-0.44883887625503005,1.0,0.0,0.0,0.0,1.0,0.0,0.0,0.0,1.0,0.0,0.0,1.0
1.4209964259132575,0.04301971795425463,0.2712178277009583,0.46415598397089886,1.5203277099204506,0.030758242070703323,0.0,0.0,1.0,0.0,1.0,0.0,0.0,0.0,0.0,1.0,1.0,0.0
0.9079048515059429,-0.9027572874522577,1.5843285080814535,0.4176328007125229,1.6023413422829833,1.874719610704,0.0,0.0,1.0,0.0,0.0,1.0,0.0,0.0,0.0,1.0,1.0,0.0
1.3354811635120385,0.30573555278939696,0.6513288141268911,-1.3037249798473478,-1.0836051175899635,-0.18599416695341262,0.0,1.0,0.0,0.0,0.0,1.0,0.0,1.0,0.0,0.0,0.0,1.0
-0.03276303490746704,-0.8502141204852293,-1.145559485341155,0.09197051790389936,-1.4936732794026273,0.8293631255093662,0.0,1.0,0.0,1.0,0.0,0.0,0.0,1.0,0.0,0.0,1.0,0.0
-0.5030969781141721,0.14810605188831155,0.9968842563322846,-1.18741702170141,-0.28397220205526946,-0.6255977219855932,0.0,1.0,0.0,0.0,0.0,1.0,0.0,0.0,0.0,1.0,1.0,0.0
-0.41758171571295294,-0.3773256177819731,1.5843285080814535,1.2783116909924588,0.6386811620232238,-0.27656865270151293,1.0,0.0,0.0,0.0,0.0,1.0,0.0,0.0,1.0,0.0,1.0,0.0
-1.6575530205306297,-0.9553004544192862,-0.5235596893714467,0.6037255337460227,-1.8217278088527582,-0.3167598788614978,0.0,0.0,1.0,0.0,0.0,1.0,0.0,1.0,0.0,0.0,0.0,1.0
-0.7596427653178293,-0.0620666159798023,0.6167732699063517,1.5109276072843345,0.16710277593866055,-0.617787281274341,1.0,0.0,0.0,0.0,0.0,1.0,0.0,1.0,0.0,0.0,1.0,0.0
-1.2299767085245343,-0.2722392838479162,-1.456559383326009,0.9991725914422092,0.7411982024763897,-0.6936728131848022,0.0,1.0,0.0,0.0,0.0,1.0,0.0,0.0,0.0,1.0,0.0,1.0
-1.4010072333269725,-1.0078436213863147,0.6167732699063517,-0.9082779221511613,1.5613345261017169,0.08515238273835218,0.0,1.0,0.0,0.0,1.0,0.0,0.0,1.0,0.0,0.0,0.0,1.0
-0.7168851341172198,-0.9553004544192862,0.09844010659826155,-0.11738380675878735,-1.7602175845808585,0.6139843058960498,0.0,1.0,0.0,0.0,1.0,0.0,0.0,0.0,1.0,0.0,0.0,1.0
-1.2727343397251438,-1.060386788353343,-0.8345595873563009,1.115480549588148,0.8642186510201887,0.43871429707806997,1.0,0.0,0.0,0.0,0.0,1.0,0.0,0.0,1.0,0.0,0.0,1.0
0.13826748989497115,-0.9027572874522577,0.8241065352295879,-1.4898177128808474,1.1512663642890533,1.1893534382916244,0.0,1.0,0.0,1.0,0.0,0.0,0.0,0.0,1.0,0.0,0.0,1.0
-0.4603393469135625,-1.0078436213863147,-0.9036706757973796,-1.047847471926286,-1.7602175845808585,1.132239590590593,1.0,0.0,0.0,0.0,1.0,0.0,0.0,1.0,0.0,0.0,0.0,1.0
-0.07552066610807659,1.0413398903277955,0.7549954467885092,-1.6526488542851592,-0.48900628296160126,-0.7695300190288542,1.0,0.0,0.0,0.0,0.0,1.0,0.0,0.0,0.0,1.0,1.0,0.0
-0.5886122405153912,-0.6400414526171154,-1.2837816622233125,1.3713580575092086,-0.20195856969273673,-0.05445924497527996,0.0,0.0,1.0,1.0,0.0,0.0,0.0,0.0,0.0,1.0,1.0,0.0
0.9506624827065525,1.56677155999808,0.9968842563322846,0.8130798584087093,1.4998243018298174,-0.6930655420768699,1.0,0.0,0.0,0.0,0.0,1.0,0.0,0.0,0.0,1.0,0.0,1.0
-1.5292801269288012,-1.1129299553203715,-0.9727817642384582,-0.6989235974884735,-0.8990744447742649,0.33899170585404703,1.0,0.0,0.0,0.0,1.0,0.0,0.0,0.0,1.0,0.0,0.0,1.0
-0.20379355970990523,-0.42986878474900153,-1.2146705737822336,0.4874175756000858,-0.2634687939646363,-0.12526705616018433,0.0,1.0,0.0,0.0,0.0,1.0,0.0,1.0,0.0,0.0,0.0,1.0
-0.20379355970990523,0.20064921885534,-1.456559383326009,1.2550500993632718,1.3973072613766515,-0.5596813816281305,1.0,0.0,0.0,0.0,0.0,1.0,1.0,0.0,0.0,0.0,0.0,1.0
0.3948132770986284,0.5159082206575109,-1.4220038391054697,-1.3967713463640976,1.4178106694672847,-0.5271492277501818,0.0,0.0,1.0,0.0,0.0,1.0,0.0,0.0,0.0,1.0,0.0,1.0
-1.6575530205306297,-0.8502141204852293,0.9623287121117453,0.5339407588584618,-1.7192107683995923,-0.48598609427196104,0.0,1.0,0.0,0.0,0.0,1.0,0.0,0.0,0.0,1.0,1.0,0.0
1.2072082699102098,2.5125485654045923,0.8586620794501272,0.32458643419577304,0.2286130002105601,-0.7956700684731085,1.0,0.0,0.0,0.0,0.0,1.0,0.0,1.0,0.0,0.0,1.0,0.0
-0.11827829730868614,0.20064921885534,-0.6617818662536041,1.4411428323967717,-0.28397220205526946,-0.5351162858427407,0.0,1.0,0.0,0.0,0.0,1.0,0.0,1.0,0.0,0.0,0.0,1.0
-0.41758171571295294,-0.3773256177819731,0.2021067392598796,-1.3269865714765348,-0.6530335476866668,-0.27656865270151293,1.0,0.0,0.0,0.0,0.0,1.0,0.0,0.0,0.0,1.0,1.0,0.0
-0.24655119091051478,-0.3247824508149446,-1.0764483969000762,-1.6061256710267844,0.7206947943857565,-0.25027815137881587,0.0,0.0,1.0,0.0,1.0,0.0,0.0,0.0,0.0,1.0,0.0,1.0
0.05275222749375205,-1.060386788353343,-1.6984481928697845,1.068957366329772,-1.4526664632213608,2.1249326577751853,0.0,0.0,1.0,0.0,0.0,1.0,0.0,0.0,1.0,0.0,0.0,1.0
-0.2893088221111243,-0.7976709535182008,1.135106433214442,1.6970203403178343,1.4998243018298174,0.4659113674118943,0.0,1.0,0.0,0.0,0.0,1.0,0.0,1.0,0.0,0.0,0.0,1.0
1.2072082699102098,-0.9027572874522577,-0.5235596893714467,-0.3034765397922871,-1.7602175845808585,2.1412508999754802,1.0,0.0,0.0,0.0,0.0,1.0,1.0,0.0,0.0,0.0,0.0,1.0
-1.7003106517312394,-1.0078436213863147,0.6167732699063517,-0.024337440242037465,1.58183793419235,-0.2480117288509972,1.0,0.0,0.0,0.0,1.0,0.0,1.0,0.0,0.0,0.0,0.0,1.0
1.5492693195150862,-0.3247824508149446,-0.5235596893714467,-1.2339402049597847,-1.5551835036745267,0.5112398179682682,1.0,0.0,0.0,0.0,1.0,0.0,0.0,1.0,0.0,0.0,0.0,1.0
-1.4865224957281915,-0.7451277865511723,-1.629337104428706,-1.4432945296224726,0.4951573053887915,-0.48598609427196104,0.0,1.0,0.0,0.0,0.0,1.0,0.0,0.0,0.0,1.0,0.0,1.0
1.6775422131169149,-0.587498285650087,1.5497729638609141,-1.3967713463640976,1.3152936290141188,1.132239590590593,1.0,0.0,0.0,1.0,0.0,0.0,0.0,0.0,0.0,1.0,0.0,1.0
1.5065116883144767,1.093883057294824,-1.3874482948849305,-0.1406453983879743,-0.40699265059906853,-0.48598609427196104,0.0,0.0,1.0,1.0,0.0,0.0,0.0,0.0,0.0,1.0,1.0,0.0
-1.6147953893300202,-0.8502141204852293,-1.3874482948849305,1.4178812407675847,0.7001913862951232,-0.45137164111982087,0.0,0.0,1.0,0.0,1.0,0.0,1.0,0.0,0.0,0.0,1.0,0.0
-0.887915658919658,-0.3773256177819731,-0.2125597913865926,0.39437120908333595,0.6386811620232238,-0.48598609427196104,1.0,0.0,0.0,0.0,0.0,1.0,0.0,1.0,0.0,0.0,0.0,1.0
0.9079048515059429,-0.7451277865511723,-0.6617818662536041,-1.5596024877684094,1.007742507654621,1.1542064550909896,0.0,1.0,0.0,1.0,0.0,0.0,0.0,0.0,0.0,1.0,1.0,0.0
1.5920269507156957,3.143066569008934,1.23877306587606,0.06870892627471241,1.458817485648551,-0.8186031383545955,0.0,0.0,1.0,1.0,0.0,0.0,1.0,0.0,0.0,0.0,0.0,1.0
-0.8024003965184389,-0.42986878474900153,0.16755119503934024,1.3713580575092086,0.9257288752920882,-0.40582630802489944,1.0,0.0,0.0,0.0,1.0,0.0,0.0,1.0,0.0,0.0,0.0,1.0
1.3354811635120385,0.4108218867234539,-0.17800424716605323,1.092218957958959,-1.1041085256805967,-0.246651875334306,0.0,1.0,0.0,0.0,1.0,0.0,0.0,0.0,1.0,0.0,1.0,0.0
1.6347845819163052,0.14810605188831155,0.7895509910090485,-0.0941222151296004,1.2537834047422192,0.00900058580364368,0.0,0.0,1.0,0.0,1.0,0.0,0.0,0.0,1.0,0.0,0.0,1.0
0.6941166955028952,0.3582787197564254,-0.6272263220330647,-0.28021494816310016,-1.0425983014086972,-0.3851969512701411,1.0,0.0,0.0,1.0,0.0,0.0,0.0,0.0,0.0,1.0,0.0,1.0
1.5065116883144767,-0.009523449012773834,-1.041892852679537,0.27806325093739914,-0.8580676285929986,0.10630565966466,1.0,0.0,0.0,1.0,0.0,0.0,0.0,0.0,0.0,1.0,0.0,1.0
0.0955098586943616,1.3565988921299663,-0.6272263220330647,0.18501688442064923,1.5613345261017169,-0.7949037610825708,1.0,0.0,0.0,1.0,0.0,0.0,1.0,0.0,0.0,0.0,1.0,0.0
-0.5030969781141721,0.14810605188831155,1.2042175216555207,-1.4665561212516596,-0.6120267315054003,-0.6255977219855932,1.0,0.0,0.0,0.0,0.0,1.0,1.0,0.0,0.0,0.0,0.0,1.0
1.1216930075089906,0.30573555278939696,0.0638845623777222,-0.23369176490472418,0.9052254672014551,-0.24368492220697974,1.0,0.0,0.0,0.0,1.0,0.0,0.0,1.0,0.0,0.0,1.0,0.0
-1.0589461837220961,-0.7451277865511723,-0.6963374104741434,1.068957366329772,-0.571019915324134,-0.19309456760000557,1.0,0.0,0.0,0.0,0.0,1.0,0.0,0.0,0.0,1.0,1.0,0.0
0.35205564589801885,1.2515125581959092,0.8241065352295879,-1.5828640793975974,0.7617016105670228,-0.7323595549430765,0.0,0.0,1.0,0.0,1.0,0.0,0.0,0.0,0.0,1.0,0.0,1.0
1.5065116883144767,0.9362535563937385,-1.5602260159876271,1.6272355654302713,-1.801224400762125,-0.4352182296488221,0.0,0.0,1.0,0.0,1.0,0.0,1.0,0.0,0.0,0.0,0.0,1.0
-0.7168851341172198,-1.060386788353343,0.1329956508188009,-1.3735097547349095,0.08508914357612782,1.1458381257575052,1.0,0.0,0.0,0.0,1.0,0.0,0.0,0.0,0.0,1.0,0.0,1.0
1.2927235323114288,2.4074622314705354,0.340328916142037,0.32458643419577304,-1.7192107683995923,-0.7728593019027119,0.0,0.0,1.0,1.0,0.0,0.0,0.0,0.0,0.0,1.0,1.0,0.0
1.1644506387096003,1.5142283930310516,-1.3874482948849305,0.2548016593082122,-0.796557404321099,-0.6491685162749077,1.0,0.0,0.0,0.0,1.0,0.0,1.0,0.0,0.0,0.0,1.0,0.0
1.2499659011108193,-0.7451277865511723,-0.9382262200179189,-1.2106786133305978,0.556667529660691,1.3885196764285543,0.0,1.0,0.0,0.0,1.0,0.0,1.0,0.0,0.0,0.0,1.0,0.0
-0.7168851341172198,-0.587498285650087,-0.6963374104741434,-0.6756620058592866,0.47465389729815827,-0.20041685576680443,1.0,0.0,0.0,0.0,0.0,1.0,0.0,0.0,0.0,1.0,0.0,1.0
-1.2299767085245343,-0.8502141204852293,-0.7308929546946829,-1.6759104459143472,-1.3706528308588282,-0.13984156275055906,0.0,1.0,0.0,0.0,0.0,1.0,1.0,0.0,0.0,0.0,0.0,1.0
-0.11827829730868614,0.3582787197564254,-1.1110039411206156,0.6967719002627726,0.6591845701138569,-0.5979740309406499,1.0,0.0,0.0,1.0,0.0,0.0,0.0,0.0,1.0,0.0,0.0,1.0
